year,River_ID,Section_ID,Cum_Distance,min_Z
2012,KE,KE01,0.0,-8.0
2012,KE,KE02,762.0,-5.89
2012,KE,KE03,1355.0,-4.11
2012,KE,KE04,1999.0,-13.1
2012,KE,KE05,2541.0,-6.64
2012,KE,KE06,3219.0,-4.97
2012,KE,KE07,3812.0,-5.41
2012,KE,KE07.A,4305.0,-7.74
2012,KE,KE08,4879.0,-3.85
2012,KE,KE09,5455.0,-7.43
2012,KE,KE10,5624.0,-7.82
2012,KE,KE11,6099.0,-6.5
2012,KE,KE11.A,6268.0,-8.38
2012,KE,KE12,6776.0,-7.44
2012,KE,KE13,7149.0,-7.5
2012,KE,KE14,7522.0,-6.31
2012,KE,KE14.A,7894.0,-11.69
2012,KE,KE15.A,8047.0,-8.19
2012,KE,KE16,8310.0,-7.67
2012,KE,KE16.A,8470.0,-12.14
2012,KE,KE16.C,8978.0,-9.62
2012,KE,KE17,9232.0,-4.68
2012,KE,KE18,9588.0,-2.6
2012,KE,KE19,10266.0,-2.55
2012,KE,KE19.A,10672.0,-3.25
2012,KE,KE20,10943.0,-3.44
2012,KE,KE20.1,11824.0,-2.51
2012,KE,KE20.2,12197.0,-3.78
2012,KE,KE20.3,12536.0,-2.51
2012,KE,KE20.4,12841.0,-4.3
2012,KE,KE20.5,13213.0,-4.45
2012,KE,KE20.6,13468.0,-5.43
2012,KE,KE27.A,13552.0,-5.9
2012,KE,KE20.7,14060.0,-3.65
2012,KE,KE28.A,14399.0,-3.15
2012,KE,KE20.8,14941.0,-2.25
2012,KE,KE20.8A,15280.0,-2.77
2012,KE,KE34.A,15754.0,-3.69
2012,KE,KE35,16263.0,-3.42
2012,KE,KE35.A,16602.0,-3.12
2012,KE,KE35.B,16839.0,-1.25
2012,KE,KE36,17347.0,-2.06
2012,KE,KE37,17957.0,-0.92
2012,KE,KE37.1,18211.0,-1.78
2012,KE,KE37.2,18600.0,-3.37
2012,KE,KE40,18804.0,-0.57
2012,KE,KE41,19312.0,-2.53
2012,KE,KE42,19651.0,-2.73
2012,KE,KE43,20159.0,-2.35
2012,KE,KE44,20532.0,-0.57
2012,KE,KE45,21040.0,-0.85
2012,KE,KE46,21548.0,-0.17
2012,KE,KE47,21887.0,-0.98
2012,KE,KE48,22226.0,-2.98
2012,KE,KE48.2,22395.0,-0.49
2012,KE,KE49,22886.0,-0.45
2012,KE,KE50,23412.0,-2.64
2012,KE,KE51,23733.0,-0.32
2012,KE,KE52,24225.0,-1.08
2012,KE,KE52.1,24563.0,-1.18
2012,KE,KE53,24597.0,-0.95
2012,KE,KE54,24936.0,-1.06
2012,KE,KE55,25122.0,0.09
2012,KE,KE55.1,25258.0,-1.02
2012,KE,KE55.2,25360.0,-0.29
2012,KE,KE55.3,25444.0,-0.17
2012,KE,KE55.5,25580.0,0.17
2012,KE,KE56,25698.0,-0.91
2012,KE,KE56.1,25817.0,-0.82
2012,KE,KE57,25953.0,0.05
2012,KE,KE58,26190.0,-0.87
2012,KE,KE59,26461.0,0.36
2012,KE,KE60,26800.0,0.16
2012,KE,KE61,27138.0,0.74
2012,KE,KE62,27206.0,-0.11
2012,KE,KE63,27477.0,-0.14
2012,KE,KE64,27680.0,1.26
2012,KE,KE65,27968.0,0.45
2012,KE,KE66,28290.0,-0.17
2012,KE,KE67,28595.0,0.96
2012,KE,KE68,29171.0,0.99
2012,KE,KE69,29493.0,0.6
2012,KE,KE70,29832.0,0.77
2012,KE,KE71,30018.0,1.72
2012,KE,KE72,30188.0,1.84
2012,KE,KE73,30899.0,1.33
2012,KE,KE73.1,31373.0,0.27
2012,KE,KE74,31678.0,2.4
2012,KE,KE75,32220.0,1.71
2012,KE,KE76,32864.0,3.17
2012,KE,KE77,33406.0,2.72
2012,KE,KE78,33813.0,3.29
2012,KE,KE79,33915.0,3.12
2012,KE,KE80,34101.0,1.82
2012,KE,KE80.1,34236.0,2.92
2012,KE,KE81,34338.0,3.09
2012,KE,KE82,34728.0,1.77
2012,KE,KE83,35371.0,3.9
2012,KE,KE84,35744.0,3.73
2012,KE,KE85,35947.0,3.66
2012,KE,KE86,36625.0,4.25
2012,KE,KE87,36930.0,4.45
2012,KE,KE88,37133.0,5.66
2012,KE,KE89,37946.0,6.91
2012,KE,KE90,38488.0,7.91
2012,KE,KE91,38658.0,4.98
2012,KE,KE92,39403.0,6.93
2012,KE,KE93,39708.0,7.81
2012,KE,KE94,40013.0,7.94
2012,KE,KE95,40521.0,8.74
2012,KE,KE96,40860.0,9.29
2012,KE,KE96.1,41504.0,10.12
2012,KE,KE97,42080.0,11.53
2012,KE,KE98,42181.0,11.51
2012,KE,KE99,42859.0,12.42
2012,KE,KE100,43266.0,13.53
2012,KE,KE101,43825.0,16.8
2012,KE,KE102,43977.0,18.18
2012,KE,KE103,44350.0,18.49
2012,KE,KE104,44841.0,18.56
2012,KE,KE105,45637.0,20.85
2012,KE,KE106,46145.0,20.28
2012,KE,KE107,46620.0,23.85
2012,KE,KE108,46789.0,25.41
2012,KE,KE109,47297.0,24.86
2012,KE,KE110,47704.0,26.17
2012,KE,KE111,48144.0,28.14
2012,KE,KE112,48483.0,29.72
2012,KE,KE113,49161.0,29.61
2012,KE,KE114,49838.0,33.37
2012,KE,KE115,50482.0,34.82
2012,KE,KE116,51058.0,36.83
2012,KE,KE117,51532.0,36.96
2012,KE,KE118,52108.0,40.02
2012,KE,KE119,52583.0,41.8
2012,KE,KE120,53159.0,43.95
2012,KE,KE121,53226.0,43.35
2012,KE,KE122,53769.0,46.16
2012,KE,KE123,54175.0,48.71
2012,KE,KE124,54717.0,50.35
2012,KE,KE125,55124.0,55.53
2013,KE,KE01,0.0,-7.64
2013,KE,KE02,762.0,-5.93
2013,KE,KE03,1355.0,-4.3
2013,KE,KE04,1999.0,-13.5
2013,KE,KE05,2541.0,-6.82
2013,KE,KE06,3219.0,-5.26
2013,KE,KE07,3812.0,-5.49
2013,KE,KE07.A,4305.0,-7.94
2013,KE,KE08,4879.0,-4.66
2013,KE,KE09,5455.0,-7.6
2013,KE,KE10,5624.0,-7.39
2013,KE,KE11,6099.0,-6.42
2013,KE,KE11.A,6268.0,-9.52
2013,KE,KE12,6776.0,-7.66
2013,KE,KE13,7149.0,-7.53
2013,KE,KE14,7522.0,-5.7
2013,KE,KE14.A,7894.0,-11.4
2013,KE,KE15.A,8047.0,-8.29
2013,KE,KE16,8310.0,-8.06
2013,KE,KE16.A,8470.0,-12.1
2013,KE,KE16.C,8978.0,-9.31
2013,KE,KE17,9232.0,-4.58
2013,KE,KE18,9588.0,-2.9
2013,KE,KE19,10266.0,-2.63
2013,KE,KE19.A,10672.0,-3.32
2013,KE,KE20,10943.0,-3.55
2013,KE,KE20.1,11824.0,-2.75
2013,KE,KE20.2,12197.0,-4.14
2013,KE,KE20.3,12536.0,-2.76
2013,KE,KE20.4,12841.0,-4.59
2013,KE,KE20.5,13213.0,-4.55
2013,KE,KE20.6,13468.0,-5.62
2013,KE,KE27.A,13552.0,-6.2
2013,KE,KE20.7,14060.0,-4.25
2013,KE,KE28.A,14399.0,-3.32
2013,KE,KE20.8,14941.0,-2.2
2013,KE,KE20.8A,15280.0,-3.02
2013,KE,KE34.A,15754.0,-3.9
2013,KE,KE35,16263.0,-3.57
2013,KE,KE35.A,16602.0,-3.3
2013,KE,KE35.B,16839.0,-1.41
2013,KE,KE36,17347.0,-2.22
2013,KE,KE37,17957.0,-0.97
2013,KE,KE37.1,18211.0,-1.45
2013,KE,KE37.2,18600.0,-3.55
2013,KE,KE40,18804.0,-0.58
2013,KE,KE41,19312.0,-2.58
2013,KE,KE42,19651.0,-3.11
2013,KE,KE43,20159.0,-2.56
2013,KE,KE44,20532.0,-1.02
2013,KE,KE45,21040.0,-0.92
2013,KE,KE46,21548.0,-0.69
2013,KE,KE47,21887.0,-1.16
2013,KE,KE48,22226.0,-3.11
2013,KE,KE48.2,22395.0,-0.71
2013,KE,KE49,22886.0,-0.62
2013,KE,KE50,23412.0,-2.41
2013,KE,KE51,23733.0,-0.56
2013,KE,KE52,24225.0,-0.86
2013,KE,KE52.1,24563.0,-1.21
2013,KE,KE53,24597.0,-0.88
2013,KE,KE54,24936.0,-0.55
2013,KE,KE55,25122.0,-0.03
2013,KE,KE55.1,25258.0,-0.78
2013,KE,KE55.2,25360.0,-0.36
2013,KE,KE55.3,25444.0,-0.12
2013,KE,KE55.5,25580.0,0.34
2013,KE,KE56,25698.0,-0.86
2013,KE,KE56.1,25817.0,-0.86
2013,KE,KE57,25953.0,-0.11
2013,KE,KE58,26190.0,-0.61
2013,KE,KE59,26461.0,0.35
2013,KE,KE60,26800.0,-0.13
2013,KE,KE61,27138.0,0.56
2013,KE,KE62,27206.0,0.19
2013,KE,KE63,27477.0,-0.13
2013,KE,KE64,27680.0,1.3
2013,KE,KE65,27968.0,0.48
2013,KE,KE66,28290.0,-0.11
2013,KE,KE67,28595.0,0.68
2013,KE,KE68,29171.0,1.0
2013,KE,KE69,29493.0,0.92
2013,KE,KE70,29832.0,0.43
2013,KE,KE71,30018.0,1.62
2013,KE,KE72,30188.0,1.78
2013,KE,KE73,30899.0,1.21
2013,KE,KE73.1,31373.0,0.28
2013,KE,KE74,31678.0,2.35
2013,KE,KE75,32220.0,1.85
2013,KE,KE76,32864.0,3.08
2013,KE,KE77,33406.0,2.93
2013,KE,KE78,33813.0,3.25
2013,KE,KE79,33915.0,3.15
2013,KE,KE80,34101.0,2.05
2013,KE,KE80.1,34236.0,2.76
2013,KE,KE81,34338.0,3.21
2013,KE,KE82,34728.0,1.98
2013,KE,KE83,35371.0,3.76
2013,KE,KE84,35744.0,3.87
2013,KE,KE85,35947.0,3.55
2013,KE,KE86,36625.0,4.33
2013,KE,KE87,36930.0,4.73
2013,KE,KE88,37133.0,5.75
2013,KE,KE89,37946.0,7.02
2013,KE,KE90,38488.0,7.86
2013,KE,KE91,38658.0,5.45
2013,KE,KE92,39403.0,7.49
2013,KE,KE93,39708.0,7.85
2013,KE,KE94,40013.0,7.89
2013,KE,KE95,40521.0,8.9
2013,KE,KE96,40860.0,9.38
2013,KE,KE96.1,41504.0,9.88
2013,KE,KE97,42080.0,11.54
2013,KE,KE98,42181.0,11.49
2013,KE,KE99,42859.0,12.45
2013,KE,KE100,43266.0,13.55
2013,KE,KE101,43825.0,16.47
2013,KE,KE102,43977.0,18.14
2013,KE,KE103,44350.0,18.78
2013,KE,KE104,44841.0,19.14
2013,KE,KE105,45637.0,20.77
2013,KE,KE106,46145.0,20.67
2013,KE,KE107,46620.0,24.02
2013,KE,KE108,46789.0,25.33
2013,KE,KE109,47297.0,25.01
2013,KE,KE110,47704.0,26.35
2013,KE,KE111,48144.0,28.12
2013,KE,KE112,48483.0,29.85
2013,KE,KE113,49161.0,29.68
2013,KE,KE114,49838.0,33.59
2013,KE,KE115,50482.0,34.95
2013,KE,KE116,51058.0,36.75
2013,KE,KE117,51532.0,37.1
2013,KE,KE118,52108.0,40.03
2013,KE,KE119,52583.0,41.84
2013,KE,KE120,53159.0,43.96
2013,KE,KE121,53226.0,43.6
2013,KE,KE122,53769.0,46.39
2013,KE,KE123,54175.0,48.7
2013,KE,KE124,54717.0,50.43
2013,KE,KE125,55124.0,55.39
2014,KE,KE01,0.0,-7.64
2014,KE,KE02,762.0,-5.93
2014,KE,KE03,1355.0,-4.3
2014,KE,KE04,1999.0,-13.5
2014,KE,KE05,2541.0,-6.82
2014,KE,KE06,3219.0,-5.26
2014,KE,KE07,3812.0,-5.49
2014,KE,KE07.A,4305.0,-7.94
2014,KE,KE08,4879.0,-4.66
2014,KE,KE09,5455.0,-7.6
2014,KE,KE10,5624.0,-7.39
2014,KE,KE11,6099.0,-6.42
2014,KE,KE11.A,6268.0,-9.52
2014,KE,KE12,6776.0,-7.66
2014,KE,KE13,7149.0,-7.53
2014,KE,KE14,7522.0,-5.7
2014,KE,KE14.A,7894.0,-11.4
2014,KE,KE15.A,8047.0,-8.29
2014,KE,KE16,8310.0,-8.06
2014,KE,KE16.A,8470.0,-12.1
2014,KE,KE16.C,8978.0,-9.31
2014,KE,KE17,9232.0,-4.58
2014,KE,KE18,9588.0,-2.9
2014,KE,KE19,10266.0,-2.63
2014,KE,KE19.A,10672.0,-3.32
2014,KE,KE20,10943.0,-3.55
2014,KE,KE20.1,11824.0,-2.75
2014,KE,KE20.2,12197.0,-4.14
2014,KE,KE20.3,12536.0,-2.76
2014,KE,KE20.4,12841.0,-4.59
2014,KE,KE20.5,13213.0,-4.55
2014,KE,KE20.6,13468.0,-5.62
2014,KE,KE27.A,13552.0,-6.2
2014,KE,KE20.7,14060.0,-4.25
2014,KE,KE28.A,14399.0,-3.32
2014,KE,KE20.8,14941.0,-2.2
2014,KE,KE20.8A,15280.0,-3.02
2014,KE,KE34.A,15754.0,-3.9
2014,KE,KE35,16263.0,-3.57
2014,KE,KE35.A,16602.0,-3.3
2014,KE,KE35.B,16839.0,-1.41
2014,KE,KE36,17347.0,-2.22
2014,KE,KE37,17957.0,-0.97
2014,KE,KE37.1,18211.0,-1.45
2014,KE,KE37.2,18600.0,-3.55
2014,KE,KE40,18804.0,-0.58
2014,KE,KE41,19312.0,-2.58
2014,KE,KE42,19651.0,-3.11
2014,KE,KE43,20159.0,-2.56
2014,KE,KE44,20532.0,-1.02
2014,KE,KE45,21040.0,-0.92
2014,KE,KE46,21548.0,-0.69
2014,KE,KE47,21887.0,-1.16
2014,KE,KE48,22226.0,-3.11
2014,KE,KE48.2,22395.0,-0.71
2014,KE,KE49,22886.0,-0.62
2014,KE,KE50,23412.0,-2.41
2014,KE,KE51,23733.0,-0.56
2014,KE,KE52,24225.0,-0.86
2014,KE,KE52.1,24563.0,-1.21
2014,KE,KE53,24597.0,-0.88
2014,KE,KE54,24936.0,-0.55
2014,KE,KE55,25122.0,-0.03
2014,KE,KE55.1,25258.0,-0.78
2014,KE,KE55.2,25360.0,-0.36
2014,KE,KE55.3,25444.0,-0.12
2014,KE,KE55.5,25580.0,0.34
2014,KE,KE56,25698.0,-0.86
2014,KE,KE56.1,25817.0,-0.86
2014,KE,KE57,25953.0,-0.11
2014,KE,KE58,26190.0,-0.61
2014,KE,KE59,26461.0,0.35
2014,KE,KE60,26800.0,-0.13
2014,KE,KE61,27138.0,0.56
2014,KE,KE62,27206.0,0.19
2014,KE,KE63,27477.0,-0.13
2014,KE,KE64,27680.0,1.3
2014,KE,KE65,27968.0,0.48
2014,KE,KE66,28290.0,-0.11
2014,KE,KE67,28595.0,0.68
2014,KE,KE68,29171.0,1.0
2014,KE,KE69,29493.0,0.92
2014,KE,KE70,29832.0,0.43
2014,KE,KE71,30018.0,1.62
2014,KE,KE72,30188.0,1.78
2014,KE,KE73,30899.0,1.21
2014,KE,KE73.1,31373.0,0.28
2014,KE,KE74,31678.0,2.35
2014,KE,KE75,32220.0,1.85
2014,KE,KE76,32864.0,3.08
2014,KE,KE77,33406.0,2.93
2014,KE,KE78,33813.0,3.25
2014,KE,KE79,33915.0,3.15
2014,KE,KE80,34101.0,2.05
2014,KE,KE80.1,34236.0,2.76
2014,KE,KE81,34338.0,3.21
2014,KE,KE82,34728.0,1.98
2014,KE,KE83,35371.0,3.76
2014,KE,KE84,35744.0,3.87
2014,KE,KE85,35947.0,3.55
2014,KE,KE86,36625.0,4.33
2014,KE,KE87,36930.0,4.73
2014,KE,KE88,37133.0,5.75
2014,KE,KE89,37946.0,7.02
2014,KE,KE90,38488.0,7.86
2014,KE,KE91,38658.0,5.45
2014,KE,KE92,39403.0,7.49
2014,KE,KE93,39708.0,7.85
2014,KE,KE94,40013.0,7.89
2014,KE,KE95,40521.0,8.9
2014,KE,KE96,40860.0,9.38
2014,KE,KE96.1,41504.0,9.88
2014,KE,KE97,42080.0,11.54
2014,KE,KE98,42181.0,11.49
2014,KE,KE99,42859.0,12.45
2014,KE,KE100,43266.0,13.55
2014,KE,KE101,43825.0,16.47
2014,KE,KE102,43977.0,18.14
2014,KE,KE103,44350.0,18.78
2014,KE,KE104,44841.0,19.14
2014,KE,KE105,45637.0,20.77
2014,KE,KE106,46145.0,20.67
2014,KE,KE107,46620.0,24.02
2014,KE,KE108,46789.0,25.33
2014,KE,KE109,47297.0,25.01
2014,KE,KE110,47704.0,26.35
2014,KE,KE111,48144.0,28.12
2014,KE,KE112,48483.0,29.85
2014,KE,KE113,49161.0,29.68
2014,KE,KE114,49838.0,33.59
2014,KE,KE115,50482.0,34.95
2014,KE,KE116,51058.0,36.75
2014,KE,KE117,51532.0,37.1
2014,KE,KE118,52108.0,40.03
2014,KE,KE119,52583.0,41.84
2014,KE,KE120,53159.0,43.96
2014,KE,KE121,53226.0,43.6
2014,KE,KE122,53769.0,46.39
2014,KE,KE123,54175.0,48.7
2014,KE,KE124,54717.0,50.43
2014,KE,KE125,55124.0,55.39
2015,KE,KE01,0.0,-7.64
2015,KE,KE02,762.0,-5.93
2015,KE,KE03,1355.0,-4.3
2015,KE,KE04,1999.0,-13.5
2015,KE,KE05,2541.0,-6.82
2015,KE,KE06,3219.0,-5.26
2015,KE,KE07,3812.0,-5.49
2015,KE,KE07.A,4305.0,-7.94
2015,KE,KE08,4879.0,-4.66
2015,KE,KE09,5455.0,-7.6
2015,KE,KE10,5624.0,-7.39
2015,KE,KE11,6099.0,-6.42
2015,KE,KE11.A,6268.0,-9.52
2015,KE,KE12,6776.0,-7.66
2015,KE,KE13,7149.0,-7.53
2015,KE,KE14,7522.0,-5.7
2015,KE,KE14.A,7894.0,-11.4
2015,KE,KE15.A,8047.0,-8.29
2015,KE,KE16,8310.0,-8.06
2015,KE,KE16.A,8470.0,-12.1
2015,KE,KE16.C,8978.0,-9.31
2015,KE,KE17,9232.0,-4.58
2015,KE,KE18,9588.0,-2.9
2015,KE,KE19,10266.0,-2.63
2015,KE,KE19.A,10672.0,-3.32
2015,KE,KE20,10943.0,-3.55
2015,KE,KE20.1,11824.0,-2.75
2015,KE,KE20.2,12197.0,-4.14
2015,KE,KE20.3,12536.0,-2.76
2015,KE,KE20.4,12841.0,-4.59
2015,KE,KE20.5,13213.0,-4.55
2015,KE,KE20.6,13468.0,-5.62
2015,KE,KE27.A,13552.0,-6.2
2015,KE,KE20.7,14060.0,-4.25
2015,KE,KE28.A,14399.0,-3.32
2015,KE,KE20.8,14941.0,-2.2
2015,KE,KE20.8A,15280.0,-3.02
2015,KE,KE34.A,15754.0,-3.9
2015,KE,KE35,16263.0,-3.57
2015,KE,KE35.A,16602.0,-3.3
2015,KE,KE35.B,16839.0,-1.41
2015,KE,KE36,17347.0,-2.22
2015,KE,KE37,17957.0,-0.97
2015,KE,KE37.1,18211.0,-1.45
2015,KE,KE37.2,18600.0,-3.55
2015,KE,KE40,18804.0,-0.58
2015,KE,KE41,19312.0,-2.58
2015,KE,KE42,19651.0,-3.11
2015,KE,KE43,20159.0,-2.56
2015,KE,KE44,20532.0,-1.02
2015,KE,KE45,21040.0,-0.92
2015,KE,KE46,21548.0,-0.69
2015,KE,KE47,21887.0,-1.16
2015,KE,KE48,22226.0,-3.11
2015,KE,KE48.2,22395.0,-0.71
2015,KE,KE49,22886.0,-0.62
2015,KE,KE50,23412.0,-2.41
2015,KE,KE51,23733.0,-0.56
2015,KE,KE52,24225.0,-0.86
2015,KE,KE52.1,24563.0,-1.21
2015,KE,KE53,24597.0,-0.88
2015,KE,KE54,24936.0,-0.55
2015,KE,KE55,25122.0,-0.03
2015,KE,KE55.1,25258.0,-0.78
2015,KE,KE55.2,25360.0,-0.36
2015,KE,KE55.3,25444.0,-0.12
2015,KE,KE55.5,25580.0,0.34
2015,KE,KE56,25698.0,-0.86
2015,KE,KE56.1,25817.0,-0.86
2015,KE,KE57,25953.0,-0.11
2015,KE,KE58,26190.0,-0.61
2015,KE,KE59,26461.0,0.35
2015,KE,KE60,26800.0,-0.13
2015,KE,KE61,27138.0,0.56
2015,KE,KE62,27206.0,0.19
2015,KE,KE63,27477.0,-0.13
2015,KE,KE64,27680.0,1.3
2015,KE,KE65,27968.0,0.48
2015,KE,KE66,28290.0,-0.11
2015,KE,KE67,28595.0,0.68
2015,KE,KE68,29171.0,1.0
2015,KE,KE69,29493.0,0.92
2015,KE,KE70,29832.0,0.43
2015,KE,KE71,30018.0,1.62
2015,KE,KE72,30188.0,1.78
2015,KE,KE73,30899.0,1.21
2015,KE,KE73.1,31373.0,0.28
2015,KE,KE74,31678.0,2.35
2015,KE,KE75,32220.0,1.85
2015,KE,KE76,32864.0,3.08
2015,KE,KE77,33406.0,2.93
2015,KE,KE78,33813.0,3.25
2015,KE,KE79,33915.0,3.15
2015,KE,KE80,34101.0,2.05
2015,KE,KE80.1,34236.0,2.76
2015,KE,KE81,34338.0,3.21
2015,KE,KE82,34728.0,1.98
2015,KE,KE83,35371.0,3.76
2015,KE,KE84,35744.0,3.87
2015,KE,KE85,35947.0,3.55
2015,KE,KE86,36625.0,4.33
2015,KE,KE87,36930.0,4.73
2015,KE,KE88,37133.0,5.75
2015,KE,KE89,37946.0,7.02
2015,KE,KE90,38488.0,7.86
2015,KE,KE91,38658.0,5.45
2015,KE,KE92,39403.0,7.49
2015,KE,KE93,39708.0,7.85
2015,KE,KE94,40013.0,7.89
2015,KE,KE95,40521.0,8.9
2015,KE,KE96,40860.0,9.38
2015,KE,KE96.1,41504.0,9.88
2015,KE,KE97,42080.0,11.54
2015,KE,KE98,42181.0,11.49
2015,KE,KE99,42859.0,12.45
2015,KE,KE100,43266.0,13.55
2015,KE,KE101,43825.0,16.47
2015,KE,KE102,43977.0,18.14
2015,KE,KE103,44350.0,18.78
2015,KE,KE104,44841.0,19.14
2015,KE,KE105,45637.0,20.77
2015,KE,KE106,46145.0,20.67
2015,KE,KE107,46620.0,24.02
2015,KE,KE108,46789.0,25.33
2015,KE,KE109,47297.0,25.01
2015,KE,KE110,47704.0,26.35
2015,KE,KE111,48144.0,28.12
2015,KE,KE112,48483.0,29.85
2015,KE,KE113,49161.0,29.68
2015,KE,KE114,49838.0,33.59
2015,KE,KE115,50482.0,34.95
2015,KE,KE116,51058.0,36.75
2015,KE,KE117,51532.0,37.1
2015,KE,KE118,52108.0,40.03
2015,KE,KE119,52583.0,41.84
2015,KE,KE120,53159.0,43.96
2015,KE,KE121,53226.0,43.6
2015,KE,KE122,53769.0,46.39
2015,KE,KE123,54175.0,48.7
2015,KE,KE124,54717.0,50.43
2015,KE,KE125,55124.0,55.39
2016,KE,KE01,0.0,-7.97
2016,KE,KE02,762.0,-5.58
2016,KE,KE03,1355.0,-4.11
2016,KE,KE04,1999.0,-12.6
2016,KE,KE05,2541.0,-7.14
2016,KE,KE06,3219.0,-5.92
2016,KE,KE07,3812.0,-5.52
2016,KE,KE07.A,4305.0,-7.54
2016,KE,KE08,4879.0,-3.93
2016,KE,KE09,5455.0,-7.49
2016,KE,KE10,5624.0,-7.09
2016,KE,KE11,6099.0,-5.62
2016,KE,KE11.A,6268.0,-8.98
2016,KE,KE12,6776.0,-7.57
2016,KE,KE13,7149.0,-7.89
2016,KE,KE14,7522.0,-5.63
2016,KE,KE14.A,7894.0,-11.37
2016,KE,KE15.A,8047.0,-7.94
2016,KE,KE16,8310.0,-8.02
2016,KE,KE16.A,8470.0,-11.81
2016,KE,KE16.C,8978.0,-9.34
2016,KE,KE17,9232.0,-4.3
2016,KE,KE18,9588.0,-2.6
2016,KE,KE19,10266.0,-2.57
2016,KE,KE19.A,10672.0,-3.32
2016,KE,KE20,10943.0,-3.52
2016,KE,KE20.1,11824.0,-2.89
2016,KE,KE20.2,12197.0,-4.37
2016,KE,KE20.3,12536.0,-2.93
2016,KE,KE20.4,12841.0,-4.5
2016,KE,KE20.5,13213.0,-4.83
2016,KE,KE20.6,13468.0,-6.35
2016,KE,KE27.A,13552.0,-5.85
2016,KE,KE20.7,14060.0,-4.31
2016,KE,KE28.A,14399.0,-3.22
2016,KE,KE20.8,14941.0,-2.61
2016,KE,KE20.8A,15280.0,-3.32
2016,KE,KE34.A,15754.0,-3.56
2016,KE,KE35,16263.0,-3.65
2016,KE,KE35.A,16602.0,-3.32
2016,KE,KE35.B,16839.0,-1.43
2016,KE,KE36,17347.0,-2.26
2016,KE,KE37,17957.0,-0.77
2016,KE,KE37.1,18211.0,-1.56
2016,KE,KE37.2,18600.0,-3.76
2016,KE,KE40,18804.0,-0.69
2016,KE,KE41,19312.0,-2.61
2016,KE,KE42,19651.0,-3.49
2016,KE,KE43,20159.0,-3.46
2016,KE,KE44,20532.0,-1.66
2016,KE,KE45,21040.0,-1.51
2016,KE,KE46,21548.0,-0.86
2016,KE,KE47,21887.0,-1.46
2016,KE,KE48,22226.0,-6.01
2016,KE,KE48.2,22395.0,-0.53
2016,KE,KE49,22886.0,-0.81
2016,KE,KE50,23412.0,-2.29
2016,KE,KE51,23733.0,-0.38
2016,KE,KE52,24225.0,-1.17
2016,KE,KE52.1,24563.0,-1.17
2016,KE,KE53,24597.0,-1.01
2016,KE,KE54,24936.0,-1.03
2016,KE,KE55,25122.0,-0.01
2016,KE,KE55.1,25258.0,-0.67
2016,KE,KE55.2,25360.0,0.04
2016,KE,KE55.3,25444.0,-0.32
2016,KE,KE55.5,25580.0,0.15
2016,KE,KE56,25698.0,-0.77
2016,KE,KE56.1,25817.0,-0.96
2016,KE,KE57,25953.0,0.37
2016,KE,KE58,26190.0,-0.91
2016,KE,KE59,26461.0,0.27
2016,KE,KE60,26800.0,0.19
2016,KE,KE61,27138.0,0.44
2016,KE,KE62,27206.0,-0.07
2016,KE,KE63,27477.0,-0.23
2016,KE,KE64,27680.0,1.17
2016,KE,KE65,27968.0,0.41
2016,KE,KE66,28290.0,-0.18
2016,KE,KE67,28595.0,0.82
2016,KE,KE68,29171.0,1.35
2016,KE,KE69,29493.0,0.86
2016,KE,KE70,29832.0,0.75
2016,KE,KE71,30018.0,1.7
2016,KE,KE72,30188.0,1.91
2016,KE,KE73,30899.0,1.28
2016,KE,KE73.1,31373.0,0.28
2016,KE,KE74,31678.0,2.21
2016,KE,KE75,32220.0,1.59
2016,KE,KE76,32864.0,3.09
2016,KE,KE77,33406.0,2.71
2016,KE,KE78,33813.0,3.36
2016,KE,KE79,33915.0,3.13
2016,KE,KE80,34101.0,1.73
2016,KE,KE80.1,34236.0,2.8
2016,KE,KE81,34338.0,3.02
2016,KE,KE82,34728.0,3.42
2016,KE,KE83,35371.0,3.85
2016,KE,KE84,35744.0,3.79
2016,KE,KE85,35947.0,3.97
2016,KE,KE86,36625.0,3.86
2016,KE,KE87,36930.0,4.46
2016,KE,KE88,37133.0,6.2
2016,KE,KE89,37946.0,6.85
2016,KE,KE90,38488.0,7.85
2016,KE,KE91,38658.0,4.92
2016,KE,KE92,39403.0,7.22
2016,KE,KE93,39708.0,7.72
2016,KE,KE94,40013.0,8.12
2016,KE,KE95,40521.0,8.82
2016,KE,KE96,40860.0,8.96
2016,KE,KE96.1,41504.0,9.14
2016,KE,KE97,42080.0,11.66
2016,KE,KE98,42181.0,11.91
2016,KE,KE99,42859.0,12.4
2016,KE,KE100,43266.0,12.15
2016,KE,KE101,43825.0,16.82
2016,KE,KE102,43977.0,18.58
2016,KE,KE103,44350.0,18.51
2016,KE,KE104,44841.0,18.57
2016,KE,KE105,45637.0,20.78
2016,KE,KE106,46145.0,20.29
2016,KE,KE107,46620.0,23.8
2016,KE,KE108,46789.0,25.4
2016,KE,KE109,47297.0,24.84
2016,KE,KE110,47704.0,26.18
2016,KE,KE111,48144.0,28.16
2016,KE,KE112,48483.0,29.21
2016,KE,KE113,49161.0,30.99
2016,KE,KE114,49838.0,33.49
2016,KE,KE115,50482.0,34.81
2016,KE,KE116,51058.0,36.83
2016,KE,KE117,51532.0,36.98
2016,KE,KE118,52108.0,39.96
2016,KE,KE119,52583.0,41.74
2016,KE,KE120,53159.0,43.96
2016,KE,KE121,53226.0,43.51
2016,KE,KE122,53769.0,45.82
2016,KE,KE123,54175.0,48.76
2016,KE,KE124,54717.0,50.45
2016,KE,KE125,55124.0,55.11
2017,KE,KE01,0.0,-7.97
2017,KE,KE02,762.0,-5.58
2017,KE,KE03,1355.0,-4.11
2017,KE,KE04,1999.0,-12.6
2017,KE,KE05,2541.0,-7.14
2017,KE,KE06,3219.0,-5.92
2017,KE,KE07,3812.0,-5.52
2017,KE,KE07.A,4305.0,-7.54
2017,KE,KE08,4879.0,-3.93
2017,KE,KE09,5455.0,-7.49
2017,KE,KE10,5624.0,-7.09
2017,KE,KE11,6099.0,-5.62
2017,KE,KE11.A,6268.0,-8.98
2017,KE,KE12,6776.0,-7.57
2017,KE,KE13,7149.0,-7.89
2017,KE,KE14,7522.0,-5.63
2017,KE,KE14.A,7894.0,-11.37
2017,KE,KE15.A,8047.0,-7.94
2017,KE,KE16,8310.0,-8.02
2017,KE,KE16.A,8470.0,-11.81
2017,KE,KE16.C,8978.0,-9.34
2017,KE,KE17,9232.0,-4.3
2017,KE,KE18,9588.0,-2.6
2017,KE,KE19,10266.0,-2.57
2017,KE,KE19.A,10672.0,-3.32
2017,KE,KE20,10943.0,-3.52
2017,KE,KE20.1,11824.0,-2.89
2017,KE,KE20.2,12197.0,-4.37
2017,KE,KE20.3,12536.0,-2.93
2017,KE,KE20.4,12841.0,-4.5
2017,KE,KE20.5,13213.0,-4.83
2017,KE,KE20.6,13468.0,-6.35
2017,KE,KE27.A,13552.0,-5.85
2017,KE,KE20.7,14060.0,-4.31
2017,KE,KE28.A,14399.0,-3.22
2017,KE,KE20.8,14941.0,-2.61
2017,KE,KE20.8A,15280.0,-3.32
2017,KE,KE34.A,15754.0,-3.56
2017,KE,KE35,16263.0,-3.65
2017,KE,KE35.A,16602.0,-3.32
2017,KE,KE35.B,16839.0,-1.43
2017,KE,KE36,17347.0,-2.26
2017,KE,KE37,17957.0,-0.77
2017,KE,KE37.1,18211.0,-1.56
2017,KE,KE37.2,18600.0,-3.76
2017,KE,KE40,18804.0,-0.69
2017,KE,KE41,19312.0,-2.61
2017,KE,KE42,19651.0,-3.49
2017,KE,KE43,20159.0,-3.46
2017,KE,KE44,20532.0,-1.66
2017,KE,KE45,21040.0,-1.51
2017,KE,KE46,21548.0,-0.86
2017,KE,KE47,21887.0,-1.46
2017,KE,KE48,22226.0,-6.01
2017,KE,KE48.2,22395.0,-0.53
2017,KE,KE49,22886.0,-0.81
2017,KE,KE50,23412.0,-2.29
2017,KE,KE51,23733.0,-0.38
2017,KE,KE52,24225.0,-1.17
2017,KE,KE52.1,24563.0,-1.17
2017,KE,KE53,24597.0,-1.01
2017,KE,KE54,24936.0,-1.03
2017,KE,KE55,25122.0,-0.01
2017,KE,KE55.1,25258.0,-0.67
2017,KE,KE55.2,25360.0,0.04
2017,KE,KE55.3,25444.0,-0.32
2017,KE,KE55.5,25580.0,0.15
2017,KE,KE56,25698.0,-0.77
2017,KE,KE56.1,25817.0,-0.96
2017,KE,KE57,25953.0,0.37
2017,KE,KE58,26190.0,-0.91
2017,KE,KE59,26461.0,0.27
2017,KE,KE60,26800.0,0.19
2017,KE,KE61,27138.0,0.44
2017,KE,KE62,27206.0,-0.07
2017,KE,KE63,27477.0,-0.23
2017,KE,KE64,27680.0,1.17
2017,KE,KE65,27968.0,0.41
2017,KE,KE66,28290.0,-0.18
2017,KE,KE67,28595.0,0.82
2017,KE,KE68,29171.0,1.35
2017,KE,KE69,29493.0,0.86
2017,KE,KE70,29832.0,0.75
2017,KE,KE71,30018.0,1.7
2017,KE,KE72,30188.0,1.91
2017,KE,KE73,30899.0,1.28
2017,KE,KE73.1,31373.0,0.28
2017,KE,KE74,31678.0,2.21
2017,KE,KE75,32220.0,1.59
2017,KE,KE76,32864.0,3.09
2017,KE,KE77,33406.0,2.71
2017,KE,KE78,33813.0,3.36
2017,KE,KE79,33915.0,3.13
2017,KE,KE80,34101.0,1.73
2017,KE,KE80.1,34236.0,2.8
2017,KE,KE81,34338.0,3.02
2017,KE,KE82,34728.0,3.42
2017,KE,KE83,35371.0,3.85
2017,KE,KE84,35744.0,3.79
2017,KE,KE85,35947.0,3.97
2017,KE,KE86,36625.0,3.86
2017,KE,KE87,36930.0,4.46
2017,KE,KE88,37133.0,6.2
2017,KE,KE89,37946.0,6.85
2017,KE,KE90,38488.0,7.85
2017,KE,KE91,38658.0,4.92
2017,KE,KE92,39403.0,7.22
2017,KE,KE93,39708.0,7.72
2017,KE,KE94,40013.0,8.12
2017,KE,KE95,40521.0,8.82
2017,KE,KE96,40860.0,8.96
2017,KE,KE96.1,41504.0,9.14
2017,KE,KE97,42080.0,11.66
2017,KE,KE98,42181.0,11.91
2017,KE,KE99,42859.0,12.4
2017,KE,KE100,43266.0,12.15
2017,KE,KE101,43825.0,16.82
2017,KE,KE102,43977.0,18.58
2017,KE,KE103,44350.0,18.51
2017,KE,KE104,44841.0,18.57
2017,KE,KE105,45637.0,20.78
2017,KE,KE106,46145.0,20.29
2017,KE,KE107,46620.0,23.8
2017,KE,KE108,46789.0,25.4
2017,KE,KE109,47297.0,24.84
2017,KE,KE110,47704.0,26.18
2017,KE,KE111,48144.0,28.16
2017,KE,KE112,48483.0,29.21
2017,KE,KE113,49161.0,30.99
2017,KE,KE114,49838.0,33.49
2017,KE,KE115,50482.0,34.81
2017,KE,KE116,51058.0,36.83
2017,KE,KE117,51532.0,36.98
2017,KE,KE118,52108.0,39.96
2017,KE,KE119,52583.0,41.74
2017,KE,KE120,53159.0,43.96
2017,KE,KE121,53226.0,43.51
2017,KE,KE122,53769.0,45.82
2017,KE,KE123,54175.0,48.76
2017,KE,KE124,54717.0,50.45
2017,KE,KE125,55124.0,55.11
2018,KE,KE01,0.0,-8.06
2018,KE,KE02,762.0,-5.05
2018,KE,KE03,1355.0,-4.19
2018,KE,KE04,1999.0,-12.78
2018,KE,KE05,2541.0,-6.69
2018,KE,KE06,3219.0,-6.29
2018,KE,KE07,3812.0,-5.32
2018,KE,KE07.A,4305.0,-8.51
2018,KE,KE08,4879.0,-4.13
2018,KE,KE09,5455.0,-7.1
2018,KE,KE10,5624.0,-6.96
2018,KE,KE11,6099.0,-5.65
2018,KE,KE11.A,6268.0,-7.96
2018,KE,KE12,6776.0,-7.34
2018,KE,KE13,7149.0,-7.47
2018,KE,KE14,7522.0,-6.23
2018,KE,KE14.A,7894.0,-11.85
2018,KE,KE15.A,8047.0,-8.06
2018,KE,KE16,8310.0,-8.11
2018,KE,KE16.A,8470.0,-12.28
2018,KE,KE16.C,8978.0,-9.33
2018,KE,KE17,9232.0,-4.65
2018,KE,KE18,9588.0,-3.03
2018,KE,KE19,10266.0,-2.6
2018,KE,KE19.A,10672.0,-3.47
2018,KE,KE20,10943.0,-3.71
2018,KE,KE20.1,11824.0,-2.79
2018,KE,KE20.2,12197.0,-4.53
2018,KE,KE20.3,12536.0,-2.76
2018,KE,KE20.4,12841.0,-4.74
2018,KE,KE20.5,13213.0,-5.37
2018,KE,KE20.6,13468.0,-6.47
2018,KE,KE27.A,13552.0,-6.67
2018,KE,KE20.7,14060.0,-4.35
2018,KE,KE28.A,14399.0,-3.44
2018,KE,KE20.8,14941.0,-2.98
2018,KE,KE20.8A,15280.0,-3.52
2018,KE,KE34.A,15754.0,-3.78
2018,KE,KE35,16263.0,-3.97
2018,KE,KE35.A,16602.0,-3.55
2018,KE,KE35.B,16839.0,-1.52
2018,KE,KE36,17347.0,-2.31
2018,KE,KE37,17957.0,-0.97
2018,KE,KE37.1,18211.0,-1.81
2018,KE,KE37.2,18600.0,-4.11
2018,KE,KE40,18804.0,-0.8
2018,KE,KE41,19312.0,-2.62
2018,KE,KE42,19651.0,-3.36
2018,KE,KE43,20159.0,-3.4
2018,KE,KE44,20532.0,-2.88
2018,KE,KE45,21040.0,-1.11
2018,KE,KE46,21548.0,-0.95
2018,KE,KE47,21887.0,-1.18
2018,KE,KE48,22226.0,-4.75
2018,KE,KE48.2,22395.0,-0.34
2018,KE,KE49,22886.0,-0.73
2018,KE,KE50,23412.0,-2.65
2018,KE,KE51,23733.0,-0.38
2018,KE,KE52,24225.0,-1.16
2018,KE,KE52.1,24563.0,-1.16
2018,KE,KE53,24597.0,-1.03
2018,KE,KE54,24936.0,-1.11
2018,KE,KE55,25122.0,0.02
2018,KE,KE55.1,25258.0,-1.06
2018,KE,KE55.2,25360.0,-0.45
2018,KE,KE55.3,25444.0,-0.29
2018,KE,KE55.5,25580.0,-0.01
2018,KE,KE56,25698.0,-0.83
2018,KE,KE56.1,25817.0,-0.94
2018,KE,KE57,25953.0,0.09
2018,KE,KE58,26190.0,-0.9
2018,KE,KE59,26461.0,0.24
2018,KE,KE60,26800.0,0.13
2018,KE,KE61,27138.0,0.59
2018,KE,KE62,27206.0,-0.04
2018,KE,KE63,27477.0,-0.21
2018,KE,KE64,27680.0,1.23
2018,KE,KE65,27968.0,0.41
2018,KE,KE66,28290.0,-0.16
2018,KE,KE67,28595.0,0.87
2018,KE,KE68,29171.0,1.69
2018,KE,KE69,29493.0,0.85
2018,KE,KE70,29832.0,0.78
2018,KE,KE71,30018.0,1.69
2018,KE,KE72,30188.0,1.91
2018,KE,KE73,30899.0,1.3
2018,KE,KE73.1,31373.0,0.27
2018,KE,KE74,31678.0,2.18
2018,KE,KE75,32220.0,1.6
2018,KE,KE76,32864.0,3.03
2018,KE,KE77,33406.0,2.77
2018,KE,KE78,33813.0,3.57
2018,KE,KE79,33915.0,3.11
2018,KE,KE80,34101.0,1.74
2018,KE,KE80.1,34236.0,2.84
2018,KE,KE81,34338.0,3.03
2018,KE,KE82,34728.0,3.42
2018,KE,KE83,35371.0,3.83
2018,KE,KE84,35744.0,3.73
2018,KE,KE85,35947.0,3.64
2018,KE,KE86,36625.0,3.88
2018,KE,KE87,36930.0,4.46
2018,KE,KE88,37133.0,6.23
2018,KE,KE89,37946.0,6.91
2018,KE,KE90,38488.0,5.88
2018,KE,KE91,38658.0,5.21
2018,KE,KE92,39403.0,7.36
2018,KE,KE93,39708.0,7.65
2018,KE,KE94,40013.0,7.85
2018,KE,KE95,40521.0,8.7
2018,KE,KE96,40860.0,9.03
2018,KE,KE96.1,41504.0,9.3
2018,KE,KE97,42080.0,11.54
2018,KE,KE98,42181.0,11.79
2018,KE,KE99,42859.0,12.4
2018,KE,KE100,43266.0,12.17
2018,KE,KE101,43825.0,16.81
2018,KE,KE102,43977.0,17.57
2018,KE,KE103,44350.0,18.49
2018,KE,KE104,44841.0,18.59
2018,KE,KE105,45637.0,20.93
2018,KE,KE106,46145.0,20.28
2018,KE,KE107,46620.0,23.83
2018,KE,KE108,46789.0,25.36
2018,KE,KE109,47297.0,24.87
2018,KE,KE110,47704.0,26.23
2018,KE,KE111,48144.0,28.16
2018,KE,KE112,48483.0,29.24
2018,KE,KE113,49161.0,30.1
2018,KE,KE114,49838.0,33.49
2018,KE,KE115,50482.0,34.81
2018,KE,KE116,51058.0,36.83
2018,KE,KE117,51532.0,36.98
2018,KE,KE118,52108.0,39.94
2018,KE,KE119,52583.0,41.6
2018,KE,KE120,53159.0,44.0
2018,KE,KE121,53226.0,43.88
2018,KE,KE122,53769.0,45.82
2018,KE,KE123,54175.0,48.56
2018,KE,KE124,54717.0,50.46
2018,KE,KE125,55124.0,55.58
2019,KE,KE01,0.0,-8.06
2019,KE,KE02,762.0,-5.05
2019,KE,KE03,1355.0,-4.19
2019,KE,KE04,1999.0,-12.78
2019,KE,KE05,2541.0,-6.69
2019,KE,KE06,3219.0,-6.29
2019,KE,KE07,3812.0,-5.32
2019,KE,KE07.A,4305.0,-8.51
2019,KE,KE08,4879.0,-4.13
2019,KE,KE09,5455.0,-7.1
2019,KE,KE10,5624.0,-6.96
2019,KE,KE11,6099.0,-5.65
2019,KE,KE11.A,6268.0,-7.96
2019,KE,KE12,6776.0,-7.34
2019,KE,KE13,7149.0,-7.47
2019,KE,KE14,7522.0,-6.23
2019,KE,KE14.A,7894.0,-11.85
2019,KE,KE15.A,8047.0,-8.06
2019,KE,KE16,8310.0,-8.11
2019,KE,KE16.A,8470.0,-12.28
2019,KE,KE16.C,8978.0,-9.33
2019,KE,KE17,9232.0,-4.65
2019,KE,KE18,9588.0,-3.03
2019,KE,KE19,10266.0,-2.6
2019,KE,KE19.A,10672.0,-3.47
2019,KE,KE20,10943.0,-3.71
2019,KE,KE20.1,11824.0,-2.79
2019,KE,KE20.2,12197.0,-4.53
2019,KE,KE20.3,12536.0,-2.76
2019,KE,KE20.4,12841.0,-4.74
2019,KE,KE20.5,13213.0,-5.37
2019,KE,KE20.6,13468.0,-6.47
2019,KE,KE27.A,13552.0,-6.67
2019,KE,KE20.7,14060.0,-4.35
2019,KE,KE28.A,14399.0,-3.44
2019,KE,KE20.8,14941.0,-2.98
2019,KE,KE20.8A,15280.0,-3.52
2019,KE,KE34.A,15754.0,-3.78
2019,KE,KE35,16263.0,-3.97
2019,KE,KE35.A,16602.0,-3.55
2019,KE,KE35.B,16839.0,-1.52
2019,KE,KE36,17347.0,-2.31
2019,KE,KE37,17957.0,-0.97
2019,KE,KE37.1,18211.0,-1.81
2019,KE,KE37.2,18600.0,-4.11
2019,KE,KE40,18804.0,-0.8
2019,KE,KE41,19312.0,-2.62
2019,KE,KE42,19651.0,-3.36
2019,KE,KE43,20159.0,-3.4
2019,KE,KE44,20532.0,-2.88
2019,KE,KE45,21040.0,-1.11
2019,KE,KE46,21548.0,-0.95
2019,KE,KE47,21887.0,-1.18
2019,KE,KE48,22226.0,-4.75
2019,KE,KE48.2,22395.0,-0.34
2019,KE,KE49,22886.0,-0.73
2019,KE,KE50,23412.0,-2.65
2019,KE,KE51,23733.0,-0.38
2019,KE,KE52,24225.0,-1.16
2019,KE,KE52.1,24563.0,-1.16
2019,KE,KE53,24597.0,-1.03
2019,KE,KE54,24936.0,-1.11
2019,KE,KE55,25122.0,0.02
2019,KE,KE55.1,25258.0,-1.06
2019,KE,KE55.2,25360.0,-0.45
2019,KE,KE55.3,25444.0,-0.29
2019,KE,KE55.5,25580.0,-0.01
2019,KE,KE56,25698.0,-0.83
2019,KE,KE56.1,25817.0,-0.94
2019,KE,KE57,25953.0,0.09
2019,KE,KE58,26190.0,-0.9
2019,KE,KE59,26461.0,0.24
2019,KE,KE60,26800.0,0.13
2019,KE,KE61,27138.0,0.59
2019,KE,KE62,27206.0,-0.04
2019,KE,KE63,27477.0,-0.21
2019,KE,KE64,27680.0,1.23
2019,KE,KE65,27968.0,0.41
2019,KE,KE66,28290.0,-0.16
2019,KE,KE67,28595.0,0.87
2019,KE,KE68,29171.0,1.69
2019,KE,KE69,29493.0,0.85
2019,KE,KE70,29832.0,0.78
2019,KE,KE71,30018.0,1.69
2019,KE,KE72,30188.0,1.91
2019,KE,KE73,30899.0,1.3
2019,KE,KE73.1,31373.0,0.27
2019,KE,KE74,31678.0,2.18
2019,KE,KE75,32220.0,1.6
2019,KE,KE76,32864.0,3.03
2019,KE,KE77,33406.0,2.77
2019,KE,KE78,33813.0,3.57
2019,KE,KE79,33915.0,3.11
2019,KE,KE80,34101.0,1.74
2019,KE,KE80.1,34236.0,2.84
2019,KE,KE81,34338.0,3.03
2019,KE,KE82,34728.0,3.42
2019,KE,KE83,35371.0,3.83
2019,KE,KE84,35744.0,3.73
2019,KE,KE85,35947.0,3.64
2019,KE,KE86,36625.0,3.88
2019,KE,KE87,36930.0,4.46
2019,KE,KE88,37133.0,6.23
2019,KE,KE89,37946.0,6.91
2019,KE,KE90,38488.0,5.88
2019,KE,KE91,38658.0,5.21
2019,KE,KE92,39403.0,7.36
2019,KE,KE93,39708.0,7.65
2019,KE,KE94,40013.0,7.85
2019,KE,KE95,40521.0,8.7
2019,KE,KE96,40860.0,9.03
2019,KE,KE96.1,41504.0,9.3
2019,KE,KE97,42080.0,11.54
2019,KE,KE98,42181.0,11.79
2019,KE,KE99,42859.0,12.4
2019,KE,KE100,43266.0,12.17
2019,KE,KE101,43825.0,16.81
2019,KE,KE102,43977.0,17.57
2019,KE,KE103,44350.0,18.49
2019,KE,KE104,44841.0,18.59
2019,KE,KE105,45637.0,20.93
2019,KE,KE106,46145.0,20.28
2019,KE,KE107,46620.0,23.83
2019,KE,KE108,46789.0,25.36
2019,KE,KE109,47297.0,24.87
2019,KE,KE110,47704.0,26.23
2019,KE,KE111,48144.0,28.16
2019,KE,KE112,48483.0,29.24
2019,KE,KE113,49161.0,30.1
2019,KE,KE114,49838.0,33.49
2019,KE,KE115,50482.0,34.81
2019,KE,KE116,51058.0,36.83
2019,KE,KE117,51532.0,36.98
2019,KE,KE118,52108.0,39.94
2019,KE,KE119,52583.0,41.6
2019,KE,KE120,53159.0,44.0
2019,KE,KE121,53226.0,43.88
2019,KE,KE122,53769.0,45.82
2019,KE,KE123,54175.0,48.56
2019,KE,KE124,54717.0,50.46
2019,KE,KE125,55124.0,55.58
2020,KE,KE01,0.0,-8.06
2020,KE,KE02,762.0,-5.05
2020,KE,KE03,1355.0,-4.19
2020,KE,KE04,1999.0,-12.78
2020,KE,KE05,2541.0,-6.69
2020,KE,KE06,3219.0,-6.29
2020,KE,KE07,3812.0,-5.32
2020,KE,KE07.A,4305.0,-8.51
2020,KE,KE08,4879.0,-4.13
2020,KE,KE09,5455.0,-7.1
2020,KE,KE10,5624.0,-6.96
2020,KE,KE11,6099.0,-5.65
2020,KE,KE11.A,6268.0,-7.96
2020,KE,KE12,6776.0,-7.34
2020,KE,KE13,7149.0,-7.47
2020,KE,KE14,7522.0,-6.23
2020,KE,KE14.A,7894.0,-11.85
2020,KE,KE15.A,8047.0,-8.06
2020,KE,KE16,8310.0,-8.11
2020,KE,KE16.A,8470.0,-12.28
2020,KE,KE16.C,8978.0,-9.33
2020,KE,KE17,9232.0,-4.65
2020,KE,KE18,9588.0,-3.03
2020,KE,KE19,10266.0,-2.6
2020,KE,KE19.A,10672.0,-3.47
2020,KE,KE20,10943.0,-3.71
2020,KE,KE20.1,11824.0,-2.79
2020,KE,KE20.2,12197.0,-4.53
2020,KE,KE20.3,12536.0,-2.76
2020,KE,KE20.4,12841.0,-4.74
2020,KE,KE20.5,13213.0,-5.37
2020,KE,KE20.6,13468.0,-6.47
2020,KE,KE27.A,13552.0,-6.67
2020,KE,KE20.7,14060.0,-4.35
2020,KE,KE28.A,14399.0,-3.44
2020,KE,KE20.8,14941.0,-2.98
2020,KE,KE20.8A,15280.0,-3.52
2020,KE,KE34.A,15754.0,-3.78
2020,KE,KE35,16263.0,-3.97
2020,KE,KE35.A,16602.0,-3.55
2020,KE,KE35.B,16839.0,-1.52
2020,KE,KE36,17347.0,-2.31
2020,KE,KE37,17957.0,-0.97
2020,KE,KE37.1,18211.0,-1.81
2020,KE,KE37.2,18600.0,-4.11
2020,KE,KE40,18804.0,-0.8
2020,KE,KE41,19312.0,-2.62
2020,KE,KE42,19651.0,-3.36
2020,KE,KE43,20159.0,-3.4
2020,KE,KE44,20532.0,-2.88
2020,KE,KE45,21040.0,-1.11
2020,KE,KE46,21548.0,-0.95
2020,KE,KE47,21887.0,-1.18
2020,KE,KE48,22226.0,-4.75
2020,KE,KE48.2,22395.0,-0.34
2020,KE,KE49,22886.0,-0.73
2020,KE,KE50,23412.0,-2.65
2020,KE,KE51,23733.0,-0.38
2020,KE,KE52,24225.0,-1.16
2020,KE,KE52.1,24563.0,-1.16
2020,KE,KE53,24597.0,-1.03
2020,KE,KE54,24936.0,-1.11
2020,KE,KE55,25122.0,0.02
2020,KE,KE55.1,25258.0,-1.06
2020,KE,KE55.2,25360.0,-0.45
2020,KE,KE55.3,25444.0,-0.29
2020,KE,KE55.5,25580.0,-0.01
2020,KE,KE56,25698.0,-0.83
2020,KE,KE56.1,25817.0,-0.94
2020,KE,KE57,25953.0,0.09
2020,KE,KE58,26190.0,-0.9
2020,KE,KE59,26461.0,0.24
2020,KE,KE60,26800.0,0.13
2020,KE,KE61,27138.0,0.59
2020,KE,KE62,27206.0,-0.04
2020,KE,KE63,27477.0,-0.21
2020,KE,KE64,27680.0,1.23
2020,KE,KE65,27968.0,0.41
2020,KE,KE66,28290.0,-0.16
2020,KE,KE67,28595.0,0.87
2020,KE,KE68,29171.0,1.69
2020,KE,KE69,29493.0,0.85
2020,KE,KE70,29832.0,0.78
2020,KE,KE71,30018.0,1.69
2020,KE,KE72,30188.0,1.91
2020,KE,KE73,30899.0,1.3
2020,KE,KE73.1,31373.0,0.27
2020,KE,KE74,31678.0,2.18
2020,KE,KE75,32220.0,1.6
2020,KE,KE76,32864.0,3.03
2020,KE,KE77,33406.0,2.77
2020,KE,KE78,33813.0,3.57
2020,KE,KE79,33915.0,3.11
2020,KE,KE80,34101.0,1.74
2020,KE,KE80.1,34236.0,2.84
2020,KE,KE81,34338.0,3.03
2020,KE,KE82,34728.0,3.42
2020,KE,KE83,35371.0,3.83
2020,KE,KE84,35744.0,3.73
2020,KE,KE85,35947.0,3.64
2020,KE,KE86,36625.0,3.88
2020,KE,KE87,36930.0,4.46
2020,KE,KE88,37133.0,6.23
2020,KE,KE89,37946.0,6.91
2020,KE,KE90,38488.0,5.88
2020,KE,KE91,38658.0,5.21
2020,KE,KE92,39403.0,7.36
2020,KE,KE93,39708.0,7.65
2020,KE,KE94,40013.0,7.85
2020,KE,KE95,40521.0,8.7
2020,KE,KE96,40860.0,9.03
2020,KE,KE96.1,41504.0,9.3
2020,KE,KE97,42080.0,11.54
2020,KE,KE98,42181.0,11.79
2020,KE,KE99,42859.0,12.4
2020,KE,KE100,43266.0,12.17
2020,KE,KE101,43825.0,16.81
2020,KE,KE102,43977.0,17.57
2020,KE,KE103,44350.0,18.49
2020,KE,KE104,44841.0,18.59
2020,KE,KE105,45637.0,20.93
2020,KE,KE106,46145.0,20.28
2020,KE,KE107,46620.0,23.83
2020,KE,KE108,46789.0,25.36
2020,KE,KE109,47297.0,24.87
2020,KE,KE110,47704.0,26.23
2020,KE,KE111,48144.0,28.16
2020,KE,KE112,48483.0,29.24
2020,KE,KE113,49161.0,30.1
2020,KE,KE114,49838.0,33.49
2020,KE,KE115,50482.0,34.81
2020,KE,KE116,51058.0,36.83
2020,KE,KE117,51532.0,36.98
2020,KE,KE118,52108.0,39.94
2020,KE,KE119,52583.0,41.6
2020,KE,KE120,53159.0,44.0
2020,KE,KE121,53226.0,43.88
2020,KE,KE122,53769.0,45.82
2020,KE,KE123,54175.0,48.56
2020,KE,KE124,54717.0,50.46
2020,KE,KE125,55124.0,55.58
2021,KE,KE01,0.0,-8.23
2021,KE,KE02,762.0,-6.95
2021,KE,KE03,1355.0,-4.11
2021,KE,KE04,1999.0,-13.05
2021,KE,KE05,2541.0,-6.36
2021,KE,KE06,3219.0,-5.96
2021,KE,KE07,3812.0,-4.85
2021,KE,KE07.A,4305.0,-7.53
2021,KE,KE08,4879.0,-4.02
2021,KE,KE09,5455.0,-7.29
2021,KE,KE10,5624.0,-7.08
2021,KE,KE11,6099.0,-5.55
2021,KE,KE11.A,6268.0,-8.19
2021,KE,KE12,6776.0,-7.48
2021,KE,KE13,7149.0,-7.57
2021,KE,KE14,7522.0,-6.12
2021,KE,KE14.A,7894.0,-11.73
2021,KE,KE15.A,8047.0,-7.35
2021,KE,KE16,8310.0,-7.73
2021,KE,KE16.A,8470.0,-11.88
2021,KE,KE16.C,8978.0,-9.73
2021,KE,KE17,9232.0,-4.66
2021,KE,KE18,9588.0,-2.61
2021,KE,KE19,10266.0,-2.67
2021,KE,KE19.A,10672.0,-3.71
2021,KE,KE20,10943.0,-3.56
2021,KE,KE20.1,11824.0,-2.84
2021,KE,KE20.2,12197.0,-5.01
2021,KE,KE20.3,12536.0,-2.9
2021,KE,KE20.4,12841.0,-4.85
2021,KE,KE20.5,13213.0,-5.54
2021,KE,KE20.6,13468.0,-6.68
2021,KE,KE27.A,13552.0,-5.84
2021,KE,KE20.7,14060.0,-3.95
2021,KE,KE28.A,14399.0,-3.24
2021,KE,KE20.8,14941.0,-3.07
2021,KE,KE20.8A,15280.0,-3.14
2021,KE,KE34.A,15754.0,-3.57
2021,KE,KE35,16263.0,-3.95
2021,KE,KE35.A,16602.0,-3.36
2021,KE,KE35.B,16839.0,-1.34
2021,KE,KE36,17347.0,-2.21
2021,KE,KE37,17957.0,-0.83
2021,KE,KE37.1,18211.0,-1.67
2021,KE,KE37.2,18600.0,-4.14
2021,KE,KE40,18804.0,-0.67
2021,KE,KE41,19312.0,-2.53
2021,KE,KE42,19651.0,-3.45
2021,KE,KE43,20159.0,-3.18
2021,KE,KE44,20532.0,-2.7
2021,KE,KE45,21040.0,-1.09
2021,KE,KE46,21548.0,-1.01
2021,KE,KE47,21887.0,-1.19
2021,KE,KE48,22226.0,-4.32
2021,KE,KE48.2,22395.0,-0.75
2021,KE,KE49,22886.0,-0.72
2021,KE,KE50,23412.0,-2.65
2021,KE,KE51,23733.0,-0.67
2021,KE,KE52,24225.0,-1.7
2021,KE,KE52.1,24563.0,-1.09
2021,KE,KE53,24597.0,-1.07
2021,KE,KE54,24936.0,-1.02
2021,KE,KE55,25122.0,-0.03
2021,KE,KE55.1,25258.0,-1.02
2021,KE,KE55.2,25360.0,-0.27
2021,KE,KE55.3,25444.0,-1.22
2021,KE,KE55.5,25580.0,0.2
2021,KE,KE56,25698.0,-2.97
2021,KE,KE56.1,25817.0,-1.05
2021,KE,KE57,25953.0,-0.3
2021,KE,KE58,26190.0,-0.88
2021,KE,KE59,26461.0,-1.11
2021,KE,KE60,26800.0,-0.45
2021,KE,KE61,27138.0,0.46
2021,KE,KE62,27206.0,0.72
2021,KE,KE63,27477.0,-0.12
2021,KE,KE64,27680.0,0.96
2021,KE,KE65,27968.0,0.18
2021,KE,KE66,28290.0,-0.51
2021,KE,KE67,28595.0,0.57
2021,KE,KE68,29171.0,1.69
2021,KE,KE69,29493.0,0.86
2021,KE,KE70,29832.0,0.77
2021,KE,KE71,30018.0,1.7
2021,KE,KE72,30188.0,1.92
2021,KE,KE73,30899.0,1.29
2021,KE,KE73.1,31373.0,0.27
2021,KE,KE74,31678.0,2.19
2021,KE,KE75,32220.0,1.64
2021,KE,KE76,32864.0,3.05
2021,KE,KE77,33406.0,2.78
2021,KE,KE78,33813.0,3.57
2021,KE,KE79,33915.0,3.11
2021,KE,KE80,34101.0,1.73
2021,KE,KE80.1,34236.0,2.82
2021,KE,KE81,34338.0,3.03
2021,KE,KE82,34728.0,3.42
2021,KE,KE83,35371.0,3.82
2021,KE,KE84,35744.0,3.72
2021,KE,KE85,35947.0,3.64
2021,KE,KE86,36625.0,3.85
2021,KE,KE87,36930.0,4.46
2021,KE,KE88,37133.0,6.21
2021,KE,KE89,37946.0,6.91
2021,KE,KE90,38488.0,7.88
2021,KE,KE91,38658.0,5.21
2021,KE,KE92,39403.0,7.35
2021,KE,KE93,39708.0,7.65
2021,KE,KE94,40013.0,7.85
2021,KE,KE95,40521.0,8.71
2021,KE,KE96,40860.0,9.04
2021,KE,KE96.1,41504.0,9.26
2021,KE,KE97,42080.0,11.36
2021,KE,KE98,42181.0,11.79
2021,KE,KE99,42859.0,12.39
2021,KE,KE100,43266.0,12.18
2021,KE,KE101,43825.0,16.81
2021,KE,KE102,43977.0,17.57
2021,KE,KE103,44350.0,18.5
2021,KE,KE104,44841.0,18.58
2021,KE,KE105,45637.0,20.93
2021,KE,KE106,46145.0,20.26
2021,KE,KE107,46620.0,23.82
2021,KE,KE108,46789.0,25.34
2021,KE,KE109,47297.0,24.86
2021,KE,KE110,47704.0,26.2
2021,KE,KE111,48144.0,28.15
2021,KE,KE112,48483.0,29.21
2021,KE,KE113,49161.0,31.4
2021,KE,KE114,49838.0,33.38
2021,KE,KE115,50482.0,34.83
2021,KE,KE116,51058.0,36.84
2021,KE,KE117,51532.0,36.96
2021,KE,KE118,52108.0,39.96
2021,KE,KE119,52583.0,41.84
2021,KE,KE120,53159.0,44.02
2021,KE,KE121,53226.0,43.88
2021,KE,KE122,53769.0,45.82
2021,KE,KE123,54175.0,48.55
2021,KE,KE124,54717.0,50.45
2021,KE,KE125,55124.0,56.02
2022,KE,KE01,0.0,-8.38
2022,KE,KE02,762.0,-6.45
2022,KE,KE03,1355.0,-4.21
2022,KE,KE04,1999.0,-13.0
2022,KE,KE05,2541.0,-6.36
2022,KE,KE06,3219.0,-5.8
2022,KE,KE07,3812.0,-4.81
2022,KE,KE07.A,4305.0,-6.94
2022,KE,KE08,4879.0,-3.73
2022,KE,KE09,5455.0,-7.11
2022,KE,KE10,5624.0,-7.12
2022,KE,KE11,6099.0,-5.56
2022,KE,KE11.A,6268.0,-8.18
2022,KE,KE12,6776.0,-7.38
2022,KE,KE13,7149.0,-7.55
2022,KE,KE14,7522.0,-5.72
2022,KE,KE14.A,7894.0,-11.07
2022,KE,KE15.A,8047.0,-7.66
2022,KE,KE16,8310.0,-7.79
2022,KE,KE16.A,8470.0,-11.79
2022,KE,KE16.C,8978.0,-9.68
2022,KE,KE17,9232.0,-4.25
2022,KE,KE18,9588.0,-2.74
2022,KE,KE19,10266.0,-2.73
2022,KE,KE19.A,10672.0,-3.49
2022,KE,KE20,10943.0,-3.59
2022,KE,KE20.1,11824.0,-2.88
2022,KE,KE20.2,12197.0,-5.11
2022,KE,KE20.3,12536.0,-2.81
2022,KE,KE20.4,12841.0,-4.38
2022,KE,KE20.5,13213.0,-5.63
2022,KE,KE20.6,13468.0,-6.37
2022,KE,KE27.A,13552.0,-6.44
2022,KE,KE20.7,14060.0,-3.67
2022,KE,KE28.A,14399.0,-3.13
2022,KE,KE20.8,14941.0,-3.02
2022,KE,KE20.8A,15280.0,-3.05
2022,KE,KE34.A,15754.0,-3.53
2022,KE,KE35,16263.0,-3.86
2022,KE,KE35.A,16602.0,-3.34
2022,KE,KE35.B,16839.0,-1.26
2022,KE,KE36,17347.0,-2.2
2022,KE,KE37,17957.0,-0.72
2022,KE,KE37.1,18211.0,-1.61
2022,KE,KE37.2,18600.0,-4.09
2022,KE,KE40,18804.0,-0.65
2022,KE,KE41,19312.0,-2.57
2022,KE,KE42,19651.0,-3.35
2022,KE,KE43,20159.0,-3.34
2022,KE,KE44,20532.0,-2.58
2022,KE,KE45,21040.0,-1.08
2022,KE,KE46,21548.0,-0.99
2022,KE,KE47,21887.0,-1.17
2022,KE,KE48,22226.0,-4.25
2022,KE,KE48.2,22395.0,-0.97
2022,KE,KE49,22886.0,-0.69
2022,KE,KE50,23412.0,-2.59
2022,KE,KE51,23733.0,-0.75
2022,KE,KE52,24225.0,-1.69
2022,KE,KE52.1,24563.0,-1.03
2022,KE,KE53,24597.0,-1.03
2022,KE,KE54,24936.0,-1.01
2022,KE,KE55,25122.0,0.03
2022,KE,KE55.1,25258.0,-0.95
2022,KE,KE55.2,25360.0,-0.23
2022,KE,KE55.3,25444.0,-1.19
2022,KE,KE55.5,25580.0,0.24
2022,KE,KE56,25698.0,-2.95
2022,KE,KE56.1,25817.0,-1.12
2022,KE,KE57,25953.0,-0.33
2022,KE,KE58,26190.0,-0.83
2022,KE,KE59,26461.0,-1.05
2022,KE,KE60,26800.0,-0.41
2022,KE,KE61,27138.0,0.48
2022,KE,KE62,27206.0,0.72
2022,KE,KE63,27477.0,-0.08
2022,KE,KE64,27680.0,0.94
2022,KE,KE65,27968.0,0.22
2022,KE,KE66,28290.0,-0.55
2022,KE,KE67,28595.0,0.57
2022,KE,KE68,29171.0,1.68
2022,KE,KE69,29493.0,0.86
2022,KE,KE70,29832.0,0.77
2022,KE,KE71,30018.0,1.69
2022,KE,KE72,30188.0,1.92
2022,KE,KE73,30899.0,1.29
2022,KE,KE73.1,31373.0,0.28
2022,KE,KE74,31678.0,2.18
2022,KE,KE75,32220.0,1.76
2022,KE,KE76,32864.0,3.08
2022,KE,KE77,33406.0,2.71
2022,KE,KE78,33813.0,3.57
2022,KE,KE79,33915.0,3.11
2022,KE,KE80,34101.0,1.73
2022,KE,KE80.1,34236.0,2.84
2022,KE,KE81,34338.0,3.04
2022,KE,KE82,34728.0,3.42
2022,KE,KE83,35371.0,3.83
2022,KE,KE84,35744.0,3.72
2022,KE,KE85,35947.0,3.65
2022,KE,KE86,36625.0,3.87
2022,KE,KE87,36930.0,4.46
2022,KE,KE88,37133.0,6.21
2022,KE,KE89,37946.0,6.91
2022,KE,KE90,38488.0,7.89
2022,KE,KE91,38658.0,5.21
2022,KE,KE92,39403.0,7.23
2022,KE,KE93,39708.0,7.65
2022,KE,KE94,40013.0,7.85
2022,KE,KE95,40521.0,8.71
2022,KE,KE96,40860.0,9.04
2022,KE,KE96.1,41504.0,9.14
2022,KE,KE97,42080.0,11.36
2022,KE,KE98,42181.0,11.78
2022,KE,KE99,42859.0,12.4
2022,KE,KE100,43266.0,12.17
2022,KE,KE101,43825.0,16.81
2022,KE,KE102,43977.0,17.57
2022,KE,KE103,44350.0,18.5
2022,KE,KE104,44841.0,18.58
2022,KE,KE105,45637.0,20.71
2022,KE,KE106,46145.0,20.28
2022,KE,KE107,46620.0,23.82
2022,KE,KE108,46789.0,25.33
2022,KE,KE109,47297.0,24.84
2022,KE,KE110,47704.0,26.2
2022,KE,KE111,48144.0,28.16
2022,KE,KE112,48483.0,29.2
2022,KE,KE113,49161.0,31.4
2022,KE,KE114,49838.0,33.37
2022,KE,KE115,50482.0,34.83
2022,KE,KE116,51058.0,36.83
2022,KE,KE117,51532.0,36.97
2022,KE,KE118,52108.0,39.95
2022,KE,KE119,52583.0,41.82
2022,KE,KE120,53159.0,44.01
2022,KE,KE121,53226.0,43.76
2022,KE,KE122,53769.0,45.82
2022,KE,KE123,54175.0,48.55
2022,KE,KE124,54717.0,50.45
2022,KE,KE125,55124.0,56.02
2023,KE,KE01,0.0,-7.91
2023,KE,KE02,762.0,-6.1
2023,KE,KE03,1355.0,-4.03
2023,KE,KE04,1999.0,-12.82
2023,KE,KE04.4,2313.0,-5.36
2023,KE,KE05,2541.0,-6.16
2023,KE,KE05.2,2721.0,-12.55
2023,KE,KE05.5,3018.0,-6.04
2023,KE,KE06,3219.0,-5.3
2023,KE,KE07,3812.0,-4.56
2023,KE,KE07.5,4231.0,-8.06
2023,KE,KE07.A,4305.0,-7.39
2023,KE,KE08,4879.0,-3.63
2023,KE,KE08.1,5044.0,-4.86
2023,KE,KE08.2,5251.0,-6.85
2023,KE,KE08.3,5353.0,-7.56
2023,KE,KE09,5455.0,-6.85
2023,KE,KE10,5624.0,-6.82
2023,KE,KE10.1,5740.0,-6.59
2023,KE,KE11,6099.0,-5.14
2023,KE,KE11.A,6268.0,-7.72
2023,KE,KE11.A1,6579.0,-5.19
2023,KE,KE12,6776.0,-7.02
2023,KE,KE13,7149.0,-7.24
2023,KE,KE13.2,7334.0,-5.04
2023,KE,KE14,7522.0,-5.51
2023,KE,KE14.A,7894.0,-10.97
2023,KE,KE15.A,8047.0,-7.1
2023,KE,KE16,8310.0,-7.76
2023,KE,KE16.A,8470.0,-11.74
2023,KE,KE16.A1,8620.0,-11.12
2023,KE,KE16.A2,8843.0,-9.66
2023,KE,KE16.C,8978.0,-9.66
2023,KE,KE16.C1,9114.0,-11.95
2023,KE,KE17,9232.0,-4.22
2023,KE,KE17.2,9434.0,-2.91
2023,KE,KE18,9588.0,-2.69
2023,KE,KE18.2,10100.0,-2.93
2023,KE,KE19,10266.0,-2.64
2023,KE,KE19.A,10672.0,-3.45
2023,KE,KE20,10943.0,-3.33
2023,KE,KE20.01,11499.0,-3.23
2023,KE,KE20.1,11824.0,-2.81
2023,KE,KE20.2,12197.0,-4.62
2023,KE,KE20.3,12536.0,-2.92
2023,KE,KE20.4,12841.0,-4.42
2023,KE,KE20.5,13213.0,-5.74
2023,KE,KE20.5.1,13298.0,-4.86
2023,KE,KE20.5.2,13383.0,-3.76
2023,KE,KE20.6,13468.0,-5.99
2023,KE,KE27.A,13552.0,-6.11
2023,KE,KE20.7,14060.0,-3.49
2023,KE,KE27.A1,14242.0,-5.96
2023,KE,KE28.A,14399.0,-3.44
2023,KE,KE28.A1,14522.0,-3.18
2023,KE,KE20.8,14941.0,-2.85
2023,KE,KE20.8A,15280.0,-4.04
2023,KE,KE28.A5,15494.0,-3.92
2023,KE,KE28.A6,15598.0,-6.53
2023,KE,KE34.A,15754.0,-3.82
2023,KE,KE34.A2,15884.0,-3.93
2023,KE,KE34.A3,15984.0,-3.77
2023,KE,KE34.A4,16065.0,-2.67
2023,KE,KE34.A5,16171.0,-3.8
2023,KE,KE35,16263.0,-3.92
2023,KE,KE35.A,16602.0,-2.93
2023,KE,KE35.B,16839.0,-0.94
2023,KE,KE36,17347.0,-2.19
2023,KE,KE37,17957.0,-0.59
2023,KE,KE37.1,18211.0,-1.13
2023,KE,KE37.2,18600.0,-4.03
2023,KE,KE40,18804.0,-0.66
2023,KE,KE41,19312.0,-2.44
2023,KE,KE42,19651.0,-3.17
2023,KE,KE43,20159.0,-3.07
2023,KE,KE43.1,20324.0,-3.08
2023,KE,KE43.2,20485.0,-1.16
2023,KE,KE44,20532.0,-2.47
2023,KE,KE45,21040.0,-0.83
2023,KE,KE46,21548.0,-1.06
2023,KE,KE47,21887.0,-1.07
2023,KE,KE48,22226.0,-2.06
2023,KE,KE48.2,22395.0,-0.58
2023,KE,KE49,22886.0,-0.79
2023,KE,KE50,23412.0,-2.06
2023,KE,KE51,23733.0,-0.84
2023,KE,KE52,24225.0,-1.73
2023,KE,KE52.1,24563.0,-0.97
2023,KE,KE53,24597.0,-1.42
2023,KE,KE54,24936.0,-1.1
2023,KE,KE55,25122.0,-0.05
2023,KE,KE55.1,25258.0,-1.04
2023,KE,KE55.2,25360.0,-0.35
2023,KE,KE55.3,25444.0,-1.2
2023,KE,KE55.5,25580.0,0.19
2023,KE,KE56,25698.0,-2.76
2023,KE,KE56.1,25817.0,-1.48
2023,KE,KE57,25953.0,-0.51
2023,KE,KE58,26190.0,-0.88
2023,KE,KE59,26461.0,-1.29
2023,KE,KE60,26800.0,-0.49
2023,KE,KE61,27138.0,0.4
2023,KE,KE62,27206.0,0.63
2023,KE,KE63,27477.0,-0.35
2023,KE,KE64,27680.0,0.75
2023,KE,KE65,27968.0,-0.04
2023,KE,KE66,28290.0,-0.63
2023,KE,KE67,28595.0,0.44
2023,KE,KE68,29171.0,1.02
2023,KE,KE69,29493.0,0.85
2023,KE,KE70,29832.0,0.68
2023,KE,KE71,30018.0,1.7
2023,KE,KE72,30188.0,1.99
2023,KE,KE73,30899.0,1.62
2023,KE,KE73.1,31373.0,0.36
2023,KE,KE74,31678.0,2.38
2023,KE,KE75,32220.0,0.66
2023,KE,KE76,32864.0,3.09
2023,KE,KE77,33406.0,2.58
2023,KE,KE78,33813.0,3.62
2023,KE,KE79,33915.0,3.11
2023,KE,KE80,34101.0,1.73
2023,KE,KE80.1,34236.0,2.84
2023,KE,KE81,34338.0,3.03
2023,KE,KE82,34728.0,3.42
2023,KE,KE83,35371.0,3.85
2023,KE,KE84,35744.0,3.8
2023,KE,KE85,35947.0,3.57
2023,KE,KE86,36625.0,3.87
2023,KE,KE87,36930.0,4.47
2023,KE,KE88,37133.0,6.01
2023,KE,KE89,37946.0,6.91
2023,KE,KE90,38488.0,7.89
2023,KE,KE91,38658.0,5.21
2023,KE,KE92,39403.0,7.23
2023,KE,KE93,39708.0,7.64
2023,KE,KE94,40013.0,7.85
2023,KE,KE95,40521.0,8.71
2023,KE,KE96,40860.0,9.04
2023,KE,KE96.1,41504.0,9.14
2023,KE,KE97,42080.0,11.37
2023,KE,KE98,42181.0,11.79
2023,KE,KE99,42859.0,12.4
2023,KE,KE100,43266.0,12.17
2023,KE,KE101,43825.0,16.82
2023,KE,KE102,43977.0,17.57
2023,KE,KE103,44350.0,18.49
2023,KE,KE104,44841.0,18.58
2023,KE,KE105,45637.0,20.71
2023,KE,KE106,46145.0,20.28
2023,KE,KE107,46620.0,23.82
2023,KE,KE108,46789.0,25.34
2023,KE,KE109,47297.0,24.85
2023,KE,KE110,47704.0,26.18
2023,KE,KE111,48144.0,28.16
2023,KE,KE112,48483.0,29.19
2023,KE,KE113,49161.0,31.4
2023,KE,KE114,49838.0,33.38
2023,KE,KE115,50482.0,34.83
2023,KE,KE116,51058.0,36.83
2023,KE,KE117,51532.0,36.97
2023,KE,KE118,52108.0,39.96
2023,KE,KE119,52583.0,41.83
2023,KE,KE120,53159.0,44.01
2023,KE,KE121,53226.0,43.8
2023,KE,KE122,53769.0,45.82
2023,KE,KE123,54175.0,48.54
2023,KE,KE124,54717.0,50.46
2023,KE,KE125,55124.0,56.02
2024,KE,KE01,0.0,-8.84
2024,KE,KE02,762.0,-6.47
2024,KE,KE03,1355.0,-4.38
2024,KE,KE04,1999.0,-12.62
2024,KE,KE04.4,2313.0,-5.36
2024,KE,KE05,2541.0,-6.53
2024,KE,KE05.2,2721.0,-12.55
2024,KE,KE05.5,3018.0,-6.04
2024,KE,KE06,3219.0,-6.17
2024,KE,KE07,3812.0,-5.27
2024,KE,KE07.5,4231.0,-8.06
2024,KE,KE07.A,4305.0,-6.41
2024,KE,KE08,4879.0,-4.04
2024,KE,KE08.1,5044.0,-4.86
2024,KE,KE08.2,5251.0,-6.85
2024,KE,KE08.3,5353.0,-7.56
2024,KE,KE09,5455.0,-8.12
2024,KE,KE10,5624.0,-7.31
2024,KE,KE10.1,5740.0,-6.59
2024,KE,KE11,6099.0,-5.32
2024,KE,KE11.A,6268.0,-8.11
2024,KE,KE11.A1,6579.0,-5.19
2024,KE,KE12,6776.0,-7.65
2024,KE,KE13,7149.0,-7.56
2024,KE,KE13.2,7334.0,-5.04
2024,KE,KE14,7522.0,-5.45
2024,KE,KE14.A,7894.0,-11.88
2024,KE,KE15.A,8047.0,-7.94
2024,KE,KE16,8310.0,-8.37
2024,KE,KE16.A,8470.0,-11.85
2024,KE,KE16.A1,8620.0,-11.12
2024,KE,KE16.A2,8843.0,-9.35
2024,KE,KE16.C,8978.0,-9.66
2024,KE,KE16.C1,9114.0,-11.95
2024,KE,KE17,9232.0,-4.31
2024,KE,KE17.2,9434.0,-2.91
2024,KE,KE18,9588.0,-3.15
2024,KE,KE18.2,10100.0,-2.93
2024,KE,KE19,10266.0,-2.89
2024,KE,KE19.A,10672.0,-3.24
2024,KE,KE20,10943.0,-3.81
2024,KE,KE20.01,11499.0,-3.23
2024,KE,KE20.1,11824.0,-3.02
2024,KE,KE20.2,12197.0,-5.03
2024,KE,KE20.3,12536.0,-3.03
2024,KE,KE20.4,12841.0,-4.33
2024,KE,KE20.5,13213.0,-5.97
2024,KE,KE20.5.1,13298.0,-4.86
2024,KE,KE20.5.2,13383.0,-3.76
2024,KE,KE20.6,13468.0,-6.69
2024,KE,KE27.A,13552.0,-7.04
2024,KE,KE20.7,14060.0,-4.54
2024,KE,KE27.A1,14242.0,-5.96
2024,KE,KE28.A,14399.0,-2.83
2024,KE,KE28.A1,14522.0,-3.18
2024,KE,KE20.8,14941.0,-3.08
2024,KE,KE20.8A,15280.0,-4.04
2024,KE,KE28.A5,15494.0,-3.92
2024,KE,KE28.A6,15598.0,-6.53
2024,KE,KE34.A,15754.0,-3.82
2024,KE,KE34.A2,15884.0,-3.93
2024,KE,KE34.A3,15984.0,-3.77
2024,KE,KE34.A4,16065.0,-2.67
2024,KE,KE34.A5,16171.0,-3.8
2024,KE,KE35,16263.0,-4.22
2024,KE,KE35.A,16602.0,-2.73
2024,KE,KE35.B,16839.0,-1.23
2024,KE,KE36,17347.0,-2.3
2024,KE,KE37,17957.0,-0.65
2024,KE,KE37.1,18211.0,-1.77
2024,KE,KE37.2,18600.0,-4.04
2024,KE,KE40,18804.0,-0.75
2024,KE,KE41,19312.0,-2.92
2024,KE,KE42,19651.0,-3.62
2024,KE,KE43,20159.0,-2.86
2024,KE,KE43.1,20324.0,-3.08
2024,KE,KE43.2,20485.0,-1.16
2024,KE,KE44,20532.0,-2.27
2024,KE,KE45,21040.0,-0.84
2024,KE,KE46,21548.0,-1.03
2024,KE,KE47,21887.0,-1.05
2024,KE,KE48,22226.0,-2.13
2024,KE,KE48.2,22395.0,-0.51
2024,KE,KE49,22886.0,-0.81
2024,KE,KE50,23412.0,-2.08
2024,KE,KE51,23733.0,-0.83
2024,KE,KE52,24225.0,-1.68
2024,KE,KE52.1,24563.0,-0.89
2024,KE,KE53,24597.0,-1.3
2024,KE,KE54,24936.0,-1.1
2024,KE,KE55,25122.0,-0.04
2024,KE,KE55.1,25258.0,-0.99
2024,KE,KE55.2,25360.0,-0.32
2024,KE,KE55.3,25444.0,-1.29
2024,KE,KE55.5,25580.0,0.09
2024,KE,KE56,25698.0,-2.92
2024,KE,KE56.1,25817.0,-1.1
2024,KE,KE57,25953.0,-0.59
2024,KE,KE58,26190.0,-0.98
2024,KE,KE59,26461.0,-1.16
2024,KE,KE60,26800.0,-0.42
2024,KE,KE61,27138.0,0.35
2024,KE,KE62,27206.0,0.5
2024,KE,KE63,27477.0,-0.32
2024,KE,KE64,27680.0,0.74
2024,KE,KE65,27968.0,-0.13
2024,KE,KE66,28290.0,-0.67
2024,KE,KE67,28595.0,0.42
2024,KE,KE68,29171.0,1.05
2024,KE,KE69,29493.0,0.84
2024,KE,KE70,29832.0,0.66
2024,KE,KE71,30018.0,1.71
2024,KE,KE72,30188.0,1.86
2024,KE,KE73,30899.0,1.6
2024,KE,KE73.1,31373.0,0.28
2024,KE,KE74,31678.0,2.58
2024,KE,KE75,32220.0,0.63
2024,KE,KE76,32864.0,3.05
2024,KE,KE77,33406.0,2.53
2024,KE,KE78,33813.0,3.58
2024,KE,KE79,33915.0,3.2
2024,KE,KE80,34101.0,1.76
2024,KE,KE80.1,34236.0,2.84
2024,KE,KE81,34338.0,3.02
2024,KE,KE82,34728.0,3.41
2024,KE,KE83,35371.0,3.81
2024,KE,KE84,35744.0,3.79
2024,KE,KE85,35947.0,3.78
2024,KE,KE86,36625.0,3.75
2024,KE,KE87,36930.0,4.44
2024,KE,KE88,37133.0,6.01
2024,KE,KE89,37946.0,6.93
2024,KE,KE90,38488.0,7.82
2024,KE,KE91,38658.0,5.23
2024,KE,KE92,39403.0,7.31
2024,KE,KE93,39708.0,7.68
2024,KE,KE94,40013.0,7.86
2024,KE,KE95,40521.0,8.72
2024,KE,KE96,40860.0,9.03
2024,KE,KE96.1,41504.0,9.16
2024,KE,KE97,42080.0,11.36
2024,KE,KE98,42181.0,11.76
2024,KE,KE99,42859.0,12.46
2024,KE,KE100,43266.0,12.06
2024,KE,KE101,43825.0,16.8
2024,KE,KE102,43977.0,17.54
2024,KE,KE103,44350.0,18.66
2024,KE,KE104,44841.0,18.67
2024,KE,KE105,45637.0,20.76
2024,KE,KE106,46145.0,20.25
2024,KE,KE107,46620.0,23.42
2024,KE,KE108,46789.0,24.39
2024,KE,KE109,47297.0,25.28
2024,KE,KE110,47704.0,26.46
2024,KE,KE111,48144.0,27.16
2024,KE,KE112,48483.0,29.36
2024,KE,KE113,49161.0,31.61
2024,KE,KE114,49838.0,33.31
2024,KE,KE115,50482.0,34.86
2024,KE,KE116,51058.0,36.96
2024,KE,KE117,51532.0,37.17
2024,KE,KE118,52108.0,39.77
2024,KE,KE119,52583.0,41.57
2024,KE,KE120,53159.0,42.83
2024,KE,KE121,53226.0,43.82
2024,KE,KE122,53769.0,46.2
2024,KE,KE123,54175.0,48.75
2024,KE,KE124,54717.0,50.28
2024,KE,KE125,55124.0,55.98
2025,KE,KE01,0.0,-9.32
2025,KE,KE02,762.0,-5.65
2025,KE,KE03,1355.0,-4.84
2025,KE,KE04,1999.0,-12.94
2025,KE,KE04.4,2313.0,-5.36
2025,KE,KE05,2541.0,-6.59
2025,KE,KE05.2,2721.0,-12.55
2025,KE,KE05.5,3018.0,-6.04
2025,KE,KE06,3219.0,-4.77
2025,KE,KE07,3812.0,-5.47
2025,KE,KE07.5,4231.0,-8.06
2025,KE,KE07.A,4305.0,-7.39
2025,KE,KE08,4879.0,-4.55
2025,KE,KE08.1,5044.0,-4.86
2025,KE,KE08.2,5251.0,-6.85
2025,KE,KE08.3,5353.0,-7.56
2025,KE,KE09,5455.0,-6.85
2025,KE,KE10,5624.0,-7.22
2025,KE,KE10.1,5740.0,-6.59
2025,KE,KE11,6099.0,-6.32
2025,KE,KE11.A,6268.0,-8.15
2025,KE,KE11.A1,6579.0,-5.19
2025,KE,KE12,6776.0,-7.49
2025,KE,KE13,7149.0,-7.92
2025,KE,KE13.2,7334.0,-5.04
2025,KE,KE14,7522.0,-6.8
2025,KE,KE14.A,7894.0,-11.6
2025,KE,KE15.A,8047.0,-7.14
2025,KE,KE16,8310.0,-9.01
2025,KE,KE16.A,8470.0,-11.83
2025,KE,KE16.A1,8620.0,-11.12
2025,KE,KE16.A2,8843.0,-9.5
2025,KE,KE16.C,8978.0,-9.5
2025,KE,KE16.C1,9114.0,-11.95
2025,KE,KE17,9232.0,-4.49
2025,KE,KE17.2,9434.0,-2.91
2025,KE,KE18,9588.0,-3.48
2025,KE,KE18.2,10100.0,-2.93
2025,KE,KE19,10266.0,-3.39
2025,KE,KE19.A,10672.0,-3.94
2025,KE,KE20,10943.0,-3.77
2025,KE,KE20.01,11499.0,-3.23
2025,KE,KE20.1,11824.0,-3.12
2025,KE,KE20.2,12197.0,-4.5
2025,KE,KE20.3,12536.0,-3.08
2025,KE,KE20.4,12841.0,-4.29
2025,KE,KE20.5,13213.0,-5.17
2025,KE,KE20.5.1,13298.0,-4.86
2025,KE,KE20.5.2,13383.0,-3.76
2025,KE,KE20.6,13468.0,-5.47
2025,KE,KE27.A,13552.0,-5.06
2025,KE,KE20.7,14060.0,-4.14
2025,KE,KE27.A1,14242.0,-5.96
2025,KE,KE28.A,14399.0,-2.8
2025,KE,KE28.A1,14522.0,-3.18
2025,KE,KE20.8,14941.0,-2.95
2025,KE,KE20.8A,15280.0,-4.04
2025,KE,KE28.A5,15494.0,-3.92
2025,KE,KE28.A6,15598.0,-6.53
2025,KE,KE34.A,15754.0,-3.82
2025,KE,KE34.A2,15884.0,-3.93
2025,KE,KE34.A3,15984.0,-3.77
2025,KE,KE34.A4,16065.0,-2.67
2025,KE,KE34.A5,16171.0,-3.8
2025,KE,KE35,16263.0,-3.92
2025,KE,KE35.A,16602.0,-2.99
2025,KE,KE35.B,16839.0,-1.25
2025,KE,KE36,17347.0,-2.5
2025,KE,KE37,17957.0,-0.69
2025,KE,KE37.1,18211.0,-2.01
2025,KE,KE37.2,18600.0,-3.68
2025,KE,KE40,18804.0,-1.53
2025,KE,KE41,19312.0,-2.95
2025,KE,KE42,19651.0,-3.6
2025,KE,KE43,20159.0,-2.42
2025,KE,KE43.1,20324.0,-3.08
2025,KE,KE43.2,20485.0,-1.16
2025,KE,KE44,20532.0,-2.25
2025,KE,KE45,21040.0,-0.83
2025,KE,KE46,21548.0,-1.0
2025,KE,KE47,21887.0,-1.03
2025,KE,KE48,22226.0,-2.11
2025,KE,KE48.2,22395.0,-0.51
2025,KE,KE49,22886.0,-0.78
2025,KE,KE50,23412.0,-2.07
2025,KE,KE51,23733.0,-0.8
2025,KE,KE52,24225.0,-1.65
2025,KE,KE52.1,24563.0,-0.88
2025,KE,KE53,24597.0,-1.3
2025,KE,KE54,24936.0,-1.09
2025,KE,KE55,25122.0,-0.04
2025,KE,KE55.1,25258.0,-0.99
2025,KE,KE55.2,25360.0,-0.32
2025,KE,KE55.3,25444.0,-1.26
2025,KE,KE55.5,25580.0,0.09
2025,KE,KE56,25698.0,-2.91
2025,KE,KE56.1,25817.0,-1.09
2025,KE,KE57,25953.0,-0.58
2025,KE,KE58,26190.0,-0.98
2025,KE,KE59,26461.0,-1.15
2025,KE,KE60,26800.0,-0.41
2025,KE,KE61,27138.0,0.35
2025,KE,KE62,27206.0,0.51
2025,KE,KE63,27477.0,-0.32
2025,KE,KE64,27680.0,0.75
2025,KE,KE65,27968.0,-0.13
2025,KE,KE66,28290.0,-0.7
2025,KE,KE67,28595.0,0.42
2025,KE,KE68,29171.0,1.05
2025,KE,KE69,29493.0,0.84
2025,KE,KE70,29832.0,0.63
2025,KE,KE71,30018.0,1.7
2025,KE,KE72,30188.0,1.84
2025,KE,KE73,30899.0,1.58
2025,KE,KE73.1,31373.0,0.28
2025,KE,KE74,31678.0,2.64
2025,KE,KE75,32220.0,1.99
2025,KE,KE76,32864.0,3.29
2025,KE,KE77,33406.0,2.51
2025,KE,KE78,33813.0,3.77
2025,KE,KE79,33915.0,2.92
2025,KE,KE80,34101.0,1.77
2025,KE,KE80.1,34236.0,2.84
2025,KE,KE81,34338.0,3.02
2025,KE,KE82,34728.0,3.44
2025,KE,KE83,35371.0,3.81
2025,KE,KE84,35744.0,3.8
2025,KE,KE85,35947.0,4.44
2025,KE,KE86,36625.0,3.78
2025,KE,KE87,36930.0,4.46
2025,KE,KE88,37133.0,6.01
2025,KE,KE89,37946.0,6.95
2025,KE,KE90,38488.0,7.82
2025,KE,KE91,38658.0,5.24
2025,KE,KE92,39403.0,7.32
2025,KE,KE93,39708.0,7.68
2025,KE,KE94,40013.0,7.86
2025,KE,KE95,40521.0,8.72
2025,KE,KE96,40860.0,9.03
2025,KE,KE96.1,41504.0,9.16
2025,KE,KE97,42080.0,11.36
2025,KE,KE98,42181.0,11.76
2025,KE,KE99,42859.0,12.47
2025,KE,KE100,43266.0,12.07
2025,KE,KE101,43825.0,16.81
2025,KE,KE102,43977.0,17.54
2025,KE,KE103,44350.0,18.66
2025,KE,KE104,44841.0,18.67
2025,KE,KE105,45637.0,20.76
2025,KE,KE106,46145.0,20.25
2025,KE,KE107,46620.0,23.43
2025,KE,KE108,46789.0,24.4
2025,KE,KE109,47297.0,25.28
2025,KE,KE110,47704.0,26.46
2025,KE,KE111,48144.0,27.17
2025,KE,KE112,48483.0,29.37
2025,KE,KE113,49161.0,31.62
2025,KE,KE114,49838.0,33.32
2025,KE,KE115,50482.0,34.87
2025,KE,KE116,51058.0,36.96
2025,KE,KE117,51532.0,37.18
2025,KE,KE118,52108.0,39.78
2025,KE,KE119,52583.0,41.57
2025,KE,KE120,53159.0,42.84
2025,KE,KE121,53226.0,43.84
2025,KE,KE122,53769.0,46.21
2025,KE,KE123,54175.0,48.75
2025,KE,KE124,54717.0,50.28
2025,KE,KE125,55124.0,55.98
