"Section_ID","River_ID","Section_Number","GNO","Section_No","LLOB","LMC","RLOB","Ce","Bottom","Left_Dike","Right_Dike","ST_NO","Cum_Distance","LLOB_X","RLOB_Y","Memo","Type"
F01,F,1.0,430.0,1.0,0.0,0.0,0.0,0.0,-1.51,9.7,9.05,,0.0,-109.31,-104.99,,1
F02,F,2.0,431.0,2.0,760.0,760.0,760.0,0.0,-2.47,9.77,9.47,,760.0,101.28,103.33,,1
F03,F,3.0,432.0,3.0,600.0,600.0,600.0,0.0,-2.56,9.79,9.58,,1360.0,311.86,311.94,,1
F04,F,4.0,433.0,4.0,839.0,839.0,839.0,0.0,-1.73,7.54,9.42,,2199.0,1069.28,1074.76,,1
F05,F,5.0,434.0,5.0,728.0,728.0,728.0,0.0,-1.45,9.52,9.87,,2927.0,1317.48,1317.53,,1
F05.A,F,6.0,435.0,5.1,112.0,112.0,112.0,0.0,-0.92,9.35,10.07,,3039.0,-7.05,-6.57,,1
F06,F,7.0,436.0,6.0,400.0,400.0,400.0,0.0,-1.43,9.48,9.94,,3439.0,-20.21,-17.46,,1
F07,F,8.0,437.0,7.0,736.0,736.0,736.0,0.0,-0.69,10.12,10.08,P09,4175.0,-34.56,-33.91,疏洪道,1
F08,F,9.0,438.0,8.0,1064.0,1064.0,1064.0,0.0,0.11,10.48,10.46,,5239.0,-44.32,-42.06,,1
F09,F,10.0,439.0,9.0,1143.0,1143.0,1143.0,0.0,2.83,10.98,10.89,,6382.0,-44.99,-44.08,,1
F09.A,F,11.0,440.0,9.1,496.0,496.0,496.0,0.0,4.22,10.97,11.1,,6878.0,-5.47,-5.22,,1
F10,F,12.0,441.0,10.0,104.0,104.0,104.0,0.0,1.63,11.07,11.09,,6982.0,-90.84,-89.65,,1
F11,F,13.0,442.0,11.0,184.0,184.0,184.0,0.0,3.9,11.08,10.93,,7166.0,-25.49,-25.44,,1
F12,F,14.0,443.0,12.0,32.0,32.0,32.0,0.0,0.22,11.01,11.23,,7198.0,-73.69,-73.55,,1
H01,H,1.0,279.0,1.0,0.0,0.0,0.0,0.0,-11.67,11.1,11.53,,0.0,-20.32,-18.59,,1
H01.B,H,2.0,280.0,1.2,734.0,734.0,734.0,0.0,-5.33,11.29,11.51,,734.0,-3.06,-1.72,,1
H02,H,3.0,281.0,2.0,145.0,145.0,145.0,0.0,-7.28,11.3,11.68,,879.0,-26.01,-25.16,,1
H02.B,H,4.0,282.0,2.2,578.0,578.0,578.0,0.0,-10.19,11.53,11.76,,1457.0,-117.26,-115.44,,1
H03,H,5.0,283.0,3.0,108.0,108.0,108.0,0.0,-5.89,11.79,11.55,,1565.0,-138.41,-137.92,,1
H04,H,6.0,284.0,4.0,578.0,578.0,578.0,0.0,-7.74,11.82,12.04,,2143.0,-14.55,-13.53,,1
H05,H,7.0,285.0,5.0,397.0,397.0,397.0,0.0,-5.47,11.93,12.1,,2540.0,-0.41,0.31,,1
H06,H,8.0,286.0,6.0,349.0,349.0,349.0,0.0,-4.48,12.07,12.15,,2889.0,-5.94,-3.57,,1
H06.A,H,9.0,287.0,6.1,157.0,157.0,157.0,0.0,-4.02,12.15,12.07,,3046.0,59.34,59.58,,1
H07,H,10.0,288.0,7.0,205.0,205.0,205.0,0.0,-3.57,11.91,12.07,,3251.0,-15.29,-11.62,,1
H07.1,H,11.0,289.0,7.1,322.0,322.0,322.0,0.0,-3.58,12.11,9.66,,3573.0,22.28,22.69,,1
H08,H,12.0,290.0,8.0,400.0,400.0,400.0,0.0,-3.1,11.92,11.87,,3973.0,4.11,6.9,,1
H08.1,H,13.0,291.0,8.1,354.0,354.0,354.0,0.0,-5.18,12.04,12.68,,4327.0,22.76,24.99,,1
H09,H,14.0,292.0,9.0,320.0,320.0,320.0,0.0,-10.32,11.99,12.1,,4647.0,7.17,7.3,,1
H10,H,15.0,293.0,10.0,530.0,530.0,530.0,0.0,-4.24,12.21,12.28,,5177.0,5.8,6.09,,1
H10.A,H,16.0,294.0,10.1,241.0,241.0,241.0,0.0,-4.56,12.43,12.54,P08,5418.0,5.31,5.54,中正橋,1
H11,H,17.0,295.0,11.0,698.0,698.0,698.0,0.0,-3.84,12.8,12.88,,6116.0,4.64,15.39,,1
H12,H,18.0,296.0,12.0,277.0,277.0,277.0,0.0,-3.41,12.9,13.65,,6393.0,1.65,1.92,,1
H13,H,19.0,297.0,13.0,626.0,626.0,626.0,0.0,-2.72,13.29,16.05,,7019.0,9.66,13.9,,1
H13.B,H,20.0,298.0,13.2,505.0,505.0,505.0,0.0,-5.77,13.92,16.62,,7524.0,-24.44,-17.03,,1
H14,H,21.0,299.0,14.0,85.0,85.0,85.0,0.0,-2.6,13.78,14.22,,7609.0,0.1,2.29,,1
H15,H,22.0,300.0,15.0,421.0,421.0,421.0,0.0,-4.91,14.82,14.76,,8030.0,-14.8,-10.5,景美溪匯流,1
H16,H,23.0,301.0,16.0,409.0,409.0,409.0,0.0,-3.09,14.59,15.01,,8439.0,-11.04,-10.19,,1
H16.1,H,24.0,302.0,16.1,356.0,356.0,356.0,0.0,-3.16,15.21,15.3,,8795.0,10.6,15.57,,1
H17,H,25.0,303.0,17.0,355.0,355.0,355.0,0.0,-0.57,14.55,14.17,,9150.0,-0.48,-0.48,,1
H17.A,H,26.0,304.0,17.1,469.0,469.0,469.0,0.0,-0.16,17.03,14.31,,9619.0,1.3,15.54,,1
H18,H,27.0,305.0,18.0,36.0,36.0,36.0,0.0,1.0,17.4,15.05,P18,9655.0,7.51,13.14,秀朗橋,1
H18.1,H,28.0,306.0,18.1,288.0,288.0,288.0,0.0,0.31,15.76,15.03,,9943.0,-30.46,-30.41,,1
H19,H,29.0,307.0,19.0,447.0,447.0,447.0,0.0,0.13,15.73,15.92,,10390.0,174.41,180.69,,1
H20,H,30.0,308.0,20.0,553.0,553.0,553.0,0.0,-0.95,16.41,16.85,,10943.0,-0.66,2.38,,1
H20.1U,H,31.0,309.0,20.11,614.0,614.0,614.0,0.0,1.52,16.04,17.16,,11557.0,-34.92,-33.68,,1
H21,H,32.0,310.0,21.0,217.0,217.0,217.0,0.0,1.52,18.84,17.37,,11774.0,267.14,270.9,,1
H22,H,33.0,311.0,22.0,554.0,554.0,554.0,0.0,1.26,22.29,21.24,P91,12328.0,105.12,113.68,安坑橋_水,1
H23,H,34.0,312.0,23.0,891.0,891.0,891.0,0.0,3.75,19.55,19.71,,13219.0,148.22,158.81,,1
H24,H,35.0,313.0,24.0,385.0,385.0,385.0,0.0,4.66,19.38,25.08,,13604.0,95.74,95.97,,1
H24.A,H,36.0,314.0,24.1,145.0,145.0,145.0,0.0,10.98,19.82,24.83,,13749.0,-28.05,-19.54,,1
H25,H,37.0,315.0,25.0,433.0,433.0,433.0,0.0,10.59,23.2,25.09,P17,14182.0,-8.94,-6.01,碧潭橋,1
H26,H,38.0,316.0,26.0,746.0,746.0,746.0,0.0,3.69,23.93,28.26,,14928.0,231.66,232.25,,1
H27,H,39.0,317.0,27.0,241.0,241.0,241.0,0.0,5.71,22.93,24.22,,15169.0,-38.57,-25.94,,1
H28,H,40.0,318.0,28.0,145.0,145.0,145.0,0.0,6.69,23.0,30.75,,15314.0,-17.26,-12.49,,1
H29,H,41.0,319.0,29.0,325.0,325.0,325.0,0.0,10.88,24.32,26.12,,15639.0,-24.14,0.0,,1
H30,H,42.0,320.0,30.0,132.0,132.0,132.0,0.0,12.6,24.0,21.88,,15771.0,3.08,5.8,,1
H31,H,43.0,321.0,31.0,409.0,409.0,409.0,0.0,12.5,24.0,42.0,,16180.0,-32.83,-27.09,,1
H31.1,H,44.0,322.0,31.1,193.0,193.0,193.0,0.0,14.22,27.47,33.29,,16373.0,0.0,0.0,,1
H32,H,45.0,323.0,32.0,409.0,409.0,409.0,0.0,14.56,26.0,27.29,,16782.0,-12.12,-7.0,,1
H33,H,46.0,324.0,33.0,374.0,374.0,374.0,0.0,14.15,27.99,36.73,,17156.0,0.0,0.0,,1
H34,H,47.0,325.0,34.0,144.0,144.0,144.0,0.0,11.36,28.18,38.96,,17300.0,0.0,0.0,,1
H35,H,48.0,326.0,35.0,277.0,277.0,277.0,0.0,17.32,28.25,32.61,,17577.0,-3.82,0.0,,1
H36,H,49.0,327.0,36.0,120.0,120.0,120.0,0.0,19.3,27.22,32.51,,17697.0,-24.02,-21.13,,1
H37,H,50.0,328.0,37.0,289.0,289.0,289.0,0.0,14.28,42.99,33.06,,17986.0,-6.8,-2.24,,1
H38,H,51.0,329.0,38.0,289.0,289.0,289.0,0.0,18.77,40.0,33.62,,18275.0,-9.88,-5.4,,1
H39,H,52.0,330.0,39.0,265.0,265.0,265.0,0.0,20.23,35.0,35.61,,18540.0,-10.61,-9.42,,1
H40,H,53.0,331.0,40.0,373.0,373.0,373.0,0.0,16.83,52.36,36.71,,18913.0,-16.13,-14.93,,1
H41,H,54.0,332.0,41.0,337.0,337.0,337.0,0.0,19.16,48.03,37.74,,19250.0,-9.0,-8.27,,1
H42,H,55.0,333.0,42.0,253.0,253.0,253.0,0.0,18.06,39.61,37.86,,19503.0,0.62,0.68,,1
H43,H,56.0,334.0,43.0,241.0,241.0,241.0,0.0,17.88,34.69,38.16,,19744.0,2.37,3.24,,1
H44,H,57.0,335.0,44.0,168.0,168.0,168.0,0.0,20.27,36.0,40.41,,19912.0,-24.08,-7.49,,1
H45,H,58.0,336.0,45.0,193.0,193.0,193.0,0.0,20.96,37.4,38.77,,20105.0,-1.6,-0.55,,1
H46,H,59.0,337.0,46.0,193.0,193.0,193.0,0.0,22.13,36.0,39.91,,20298.0,-0.23,0.49,,1
H47,H,60.0,338.0,47.0,313.0,313.0,313.0,0.0,19.99,36.4,40.0,,20611.0,-3.14,0.0,,1
H48,H,61.0,339.0,48.0,325.0,325.0,325.0,0.0,22.74,37.0,61.32,,20936.0,-7.23,-2.42,,1
H49,H,62.0,340.0,49.0,132.0,132.0,132.0,0.0,21.13,37.19,44.11,,21068.0,-10.34,-10.34,,1
H50,H,63.0,341.0,50.0,169.0,169.0,169.0,0.0,25.91,37.45,37.48,,21237.0,-11.32,-4.57,,1
H51,H,64.0,342.0,51.0,120.0,120.0,120.0,0.0,24.36,45.1,38.38,,21357.0,-12.54,-11.97,,1
H52,H,65.0,343.0,52.0,193.0,193.0,193.0,0.0,25.63,40.5,38.0,,21550.0,-19.38,-5.49,,1
H53,H,66.0,344.0,53.0,132.0,132.0,132.0,0.0,27.76,37.36,40.79,,21682.0,-11.54,-3.13,,1
H53.1,H,67.0,345.0,53.1,121.0,121.0,121.0,0.0,30.7,48.62,48.64,,21803.0,-6.67,-3.31,,1
H54,H,68.0,346.0,54.0,289.0,289.0,289.0,0.0,36.51,57.51,48.37,,22092.0,-4.26,-1.85,,1
H55,H,69.0,347.0,55.0,361.0,361.0,361.0,0.0,35.39,69.57,54.03,,22453.0,-8.12,-7.95,,1
H56,H,70.0,348.0,56.0,313.0,313.0,313.0,0.0,36.64,62.0,45.28,,22766.0,-13.04,-9.93,,1
H57,H,71.0,349.0,57.0,120.0,120.0,120.0,0.0,32.17,48.0,45.3,,22886.0,-96.65,-89.12,,1
H58,H,72.0,350.0,58.0,241.0,241.0,241.0,0.0,37.46,53.29,45.48,,23127.0,-12.56,-11.44,,1
H59,H,73.0,351.0,59.0,120.0,120.0,120.0,0.0,39.29,46.47,45.48,,23247.0,-23.9,-13.82,,1
H60,H,74.0,352.0,60.0,386.0,386.0,386.0,0.0,40.67,46.1,49.97,P69,23633.0,-22.11,-14.28,廣興,1
H61,H,75.0,353.0,61.0,240.0,240.0,240.0,0.0,37.32,46.69,54.51,,23873.0,-8.53,-8.09,,1
H62,H,76.0,354.0,62.0,313.0,313.0,313.0,0.0,39.87,45.79,45.07,,24186.0,-34.41,-26.53,,1
H63,H,77.0,355.0,63.0,265.0,265.0,265.0,0.0,40.87,46.0,46.4,,24451.0,-15.25,-2.46,,1
H64,H,78.0,356.0,64.0,241.0,241.0,241.0,0.0,41.18,50.77,50.77,,24692.0,-15.19,-10.62,,1
H64.1,H,79.0,357.0,64.1,265.0,265.0,265.0,0.0,43.71,58.03,55.18,,24957.0,-9.29,-6.69,,1
H65,H,80.0,358.0,65.0,385.0,385.0,385.0,0.0,46.24,61.13,58.94,P11,25342.0,-23.56,-9.35,屈尺,1
H66,H,81.0,359.0,66.0,554.0,554.0,554.0,0.0,46.51,65.9,61.23,,25896.0,-10.99,-6.11,,1
H67,H,82.0,360.0,67.0,481.0,481.0,481.0,0.0,47.34,68.33,63.61,,26377.0,-22.06,-19.93,,1
H67.2,H,83.0,361.0,67.2,1325.0,1325.0,1325.0,0.0,49.76,74.13,70.35,,27702.0,-9.78,-9.54,,1
H67.3,H,84.0,362.0,67.3,842.0,842.0,842.0,0.0,54.76,73.95,73.17,,28544.0,-12.45,-11.79,,1
HC01,HC,1.0,505.0,1.0,0.0,0.0,0.0,0.0,13.27,28.78,29.16,,0.0,-4.31,-4.26,,1
HC01.1,HC,3.0,507.0,1.1,211.6,211.6,211.6,0.0,19.8,28.58,28.39,,582.8,-29.56,-20.18,,1
HC01.A,HC,2.0,506.0,1.1,371.2,371.2,371.2,0.0,18.05,28.06,34.97,P16,371.2,-34.76,-31.71,橫溪橋,1
HC02,HC,4.0,508.0,2.0,194.0,194.0,194.0,0.0,20.1,29.82,27.17,,776.8,-10.97,-10.76,,1
HC02.1,HC,5.0,509.0,2.1,287.0,287.0,287.0,0.0,22.37,27.46,28.61,,1063.8,-5.31,-2.35,,1
HC03,HC,6.0,510.0,3.0,304.2,304.2,304.2,0.0,23.15,28.83,29.4,,1368.0,-18.11,-9.51,,1
HC03.1,HC,7.0,511.0,3.1,192.58,192.58,192.58,0.0,24.53,28.85,32.87,,1560.58,-4.44,-3.97,,1
HC04,HC,8.0,512.0,4.0,204.82,204.82,204.82,0.0,24.91,29.85,30.67,,1765.4,-12.67,-9.06,,1
HC04.1,HC,9.0,513.0,4.1,309.5,309.5,309.5,0.0,26.29,37.73,31.16,,2074.9,-0.88,0.0,,1
HC05,HC,10.0,514.0,5.0,326.3,326.3,326.3,0.0,27.31,34.46,33.96,,2401.2,-19.42,-17.58,,1
HC05.1,HC,11.0,515.0,5.1,213.22,213.22,213.22,0.0,28.8,39.1,34.02,,2614.42,-16.24,-13.22,,1
HC06,HC,12.0,516.0,6.0,250.38,250.38,250.38,0.0,30.24,37.54,35.4,,2864.8,-11.87,-8.84,,1
HC06.1,HC,14.0,518.0,6.1,343.12,343.12,343.12,0.0,33.28,38.3,46.53,,3430.42,0.0,2.13,,1
HC06.A,HC,13.0,517.0,6.1,222.5,222.5,222.5,0.0,32.33,37.53,38.88,P89,3087.3,-10.24,-7.24,海山橋,1
HC07,HC,15.0,519.0,7.0,378.48,378.48,378.48,0.0,33.25,39.19,40.55,,3808.9,-29.82,-25.89,,1
HC07.1,HC,16.0,520.0,7.1,309.39,309.39,309.39,0.0,36.12,46.82,52.28,,4118.29,-2.42,-0.59,,1
HC08,HC,17.0,521.0,8.0,141.11,141.11,141.11,0.0,38.44,52.26,66.73,,4259.4,-10.58,-7.01,,1
HC08.1,HC,19.0,523.0,8.1,198.48,198.48,198.48,0.0,42.43,63.52,65.56,,4887.48,-3.6,0.0,,1
HC08.A,HC,18.0,522.0,8.1,429.6,429.6,429.6,0.0,41.48,57.65,57.99,,4689.0,-32.74,-32.71,,1
HC08.B,HC,20.0,524.0,8.2,150.52,150.52,150.52,0.0,45.33,67.16,64.34,,5038.0,-26.77,-24.05,,1
KE01,KE,1.0,110.0,1.0,0.0,0.0,0.0,0.0,-9.34,5.94,3.55,,0.0,-20.31,-18.68,,1
KE02,KE,2.0,111.0,2.0,762.0,762.0,762.0,0.0,-5.59,5.82,3.41,,762.0,61.65,63.69,,1
KE03,KE,3.0,112.0,3.0,593.0,593.0,593.0,0.0,-4.96,5.78,3.49,,1355.0,25.82,33.56,,1
KE04,KE,4.0,113.0,4.0,644.0,644.0,644.0,0.0,-12.76,5.5,5.5,,1999.0,-45.44,-44.58,,1
KE04.4,KE,5.0,114.0,4.4,314.0,314.0,314.0,0.0,-5.36,5.55,5.51,,2313.0,-3.066,0.0,,1
KE05,KE,6.0,115.0,5.0,228.0,228.0,228.0,0.0,-6.63,5.67,5.67,,2541.0,49.2,49.32,,1
KE05.2,KE,7.0,116.0,5.2,180.0,180.0,180.0,0.0,-12.55,6.53,5.15,,2721.0,0.0,0.465,,1
KE05.5,KE,8.0,117.0,5.5,297.0,297.0,297.0,0.0,-6.04,6.06,5.58,,3018.0,-2.629,0.0,,1
KE06,KE,9.0,118.0,6.0,201.0,201.0,201.0,0.0,-4.77,5.96,9.53,,3219.0,144.18,145.86,,1
KE07,KE,10.0,119.0,7.0,593.0,593.0,593.0,0.0,-5.42,5.99,9.51,,3812.0,-2.85,-2.56,,1
KE07.5,KE,11.0,120.0,7.5,419.0,419.0,419.0,0.0,-8.06,5.83,10.13,,4231.0,0.0,4.685,,1
KE07.A,KE,12.0,121.0,7.1,74.0,74.0,74.0,0.0,-7.39,5.72,9.53,,4305.0,-2.954,-2.783,,1
KE08,KE,13.0,122.0,8.0,574.0,574.0,574.0,0.0,-4.66,5.96,9.67,,4879.0,-33.87,-31.22,,1
KE08.1,KE,14.0,123.0,8.1,165.0,165.0,165.0,0.0,-4.86,5.82,9.18,,5044.0,-57.708,-57.514,,1
KE08.2,KE,15.0,124.0,8.2,207.0,207.0,207.0,0.0,-6.85,9.78,8.66,,5251.0,-149.372,-149.027,,1
KE08.3,KE,16.0,125.0,8.3,102.0,102.0,102.0,0.0,-7.56,9.57,9.9,,5353.0,-186.116,-185.645,,1
KE09,KE,17.0,126.0,9.0,102.0,102.0,102.0,0.0,-8.34,9.65,10.15,,5455.0,-7.88,-7.82,外雙溪,1
KE10,KE,18.0,127.0,10.0,169.0,169.0,169.0,0.0,-7.2,9.8,9.83,P41,5624.0,-11.01,-7.1,百齡橋,1
KE10.1,KE,19.0,128.0,10.1,116.0,116.0,116.0,0.0,-6.59,9.79,10.06,,5740.0,-126.774,-126.309,,1
KE100,KE,144.0,253.0,100.0,407.0,407.0,407.0,0.0,12.09,26.69,26.71,P49,43266.0,-6.21,-6.14,暖江橋,1
KE101,KE,145.0,254.0,101.0,559.0,559.0,559.0,0.0,16.61,29.74,30.32,,43825.0,-6.38,-6.22,,1
KE102,KE,146.0,255.0,102.0,152.0,152.0,152.0,0.0,17.48,31.58,31.61,,43977.0,-1.175,-1.088,鐵路橋,1
KE103,KE,147.0,256.0,103.0,373.0,373.0,373.0,0.0,18.77,29.6,29.82,,44350.0,0.86,3.11,,1
KE104,KE,148.0,257.0,104.0,491.0,491.0,491.0,0.0,18.66,30.04,32.86,P51,44841.0,-13.25,-13.18,碇內,1
KE105,KE,149.0,258.0,105.0,796.0,796.0,796.0,0.0,19.42,37.47,37.55,,45637.0,-0.99,-0.35,瑞慶橋,1
KE106,KE,150.0,259.0,106.0,508.0,508.0,508.0,0.0,20.25,42.48,35.34,,46145.0,-17.53,-16.9,,1
KE107,KE,151.0,260.0,107.0,475.0,475.0,475.0,0.0,23.42,35.07,39.14,,46620.0,0.07,0.76,,1
KE108,KE,152.0,261.0,108.0,169.0,169.0,169.0,0.0,24.81,36.48,36.7,,46789.0,-22.69,-22.68,,1
KE109,KE,153.0,262.0,109.0,508.0,508.0,508.0,0.0,25.27,39.16,39.02,,47297.0,-17.75,-4.08,,1
KE11,KE,20.0,129.0,11.0,359.0,359.0,359.0,0.0,-6.15,10.07,9.74,,6099.0,-7.75,-7.3,,1
KE11.A,KE,21.0,130.0,11.1,169.0,169.0,169.0,0.0,-8.26,10.06,10.0,,6268.0,-2.096,0.909,,1
KE11.A1,KE,22.0,131.0,11.11,311.0,311.0,311.0,0.0,-5.19,10.0,10.35,,6579.0,-87.545,-86.022,,1
KE110,KE,154.0,263.0,110.0,407.0,407.0,407.0,0.0,26.65,39.57,40.38,,47704.0,-9.87,-9.77,,1
KE111,KE,155.0,264.0,111.0,440.0,440.0,440.0,0.0,27.7,39.64,40.87,,48144.0,-38.19,-34.25,,1
KE112,KE,156.0,265.0,112.0,339.0,339.0,339.0,0.0,29.64,41.89,42.06,,48483.0,-5.89,-0.39,,1
KE113,KE,157.0,266.0,113.0,678.0,678.0,678.0,0.0,31.44,42.84,43.08,,49161.0,-56.55,-52.32,,1
KE114,KE,158.0,267.0,114.0,677.0,677.0,677.0,0.0,33.2,42.44,43.0,,49838.0,3.11,4.61,,1
KE115,KE,159.0,268.0,115.0,644.0,644.0,644.0,0.0,34.77,47.89,44.61,,50482.0,-19.58,-11.06,,1
KE116,KE,160.0,269.0,116.0,576.0,576.0,576.0,0.0,36.25,48.74,47.54,,51058.0,-30.17,-29.78,,1
KE117,KE,161.0,270.0,117.0,474.0,474.0,474.0,0.0,36.7,47.85,49.55,,51532.0,4.97,15.03,,1
KE118,KE,162.0,271.0,118.0,576.0,576.0,576.0,0.0,39.77,50.5,49.99,,52108.0,-21.01,-15.89,,1
KE119,KE,163.0,272.0,119.0,475.0,475.0,475.0,0.0,41.87,52.63,52.42,P19,52583.0,-8.89,-5.8,介壽橋,1
KE12,KE,23.0,132.0,12.0,197.0,197.0,197.0,0.0,-7.68,9.76,9.87,,6776.0,-9.99,-9.02,,1
KE120,KE,164.0,273.0,120.0,576.0,576.0,576.0,0.0,43.35,51.83,55.19,,53159.0,-2.49,-0.22,,1
KE121,KE,165.0,274.0,121.0,67.0,67.0,67.0,0.0,43.4,54.8,54.8,P59,53226.0,0.33,5.64,瑞峰橋,1
KE122,KE,166.0,275.0,122.0,543.0,543.0,543.0,0.0,46.21,56.4,56.66,,53769.0,-2.12,-2.1,,1
KE123,KE,167.0,276.0,123.0,406.0,406.0,406.0,0.0,48.69,61.13,61.94,,54175.0,-0.02,0.03,,1
KE124,KE,168.0,277.0,124.0,542.0,542.0,542.0,0.0,50.14,61.13,61.94,,54717.0,-33.86,-32.71,,1
KE125,KE,169.0,278.0,125.0,407.0,407.0,407.0,0.0,55.93,67.0,65.24,,55124.0,-18.12,-13.0,,1
KE13,KE,24.0,133.0,13.0,373.0,373.0,373.0,0.0,-7.81,10.01,9.77,,7149.0,-16.1,-16.0,承德橋(下),1
KE13.2,KE,25.0,134.0,13.2,185.0,185.0,185.0,0.0,-5.04,10.02,10.03,,7334.0,-47.064,-46.568,,1
KE14,KE,26.0,135.0,14.0,188.0,188.0,188.0,0.0,-6.61,9.83,9.94,,7522.0,-5.79,-4.88,,1
KE14.A,KE,27.0,136.0,14.1,372.0,372.0,372.0,0.0,-11.7,10.07,10.17,,7894.0,-44.54,-43.13,,1
KE15.A,KE,28.0,137.0,15.1,153.0,153.0,153.0,0.0,-7.23,10.1,10.18,,8047.0,-1.17,6.28,,1
KE16,KE,29.0,138.0,16.0,263.0,263.0,263.0,0.0,-9.2,10.0,10.09,,8310.0,-69.99,-68.43,,1
KE16.A,KE,30.0,139.0,16.1,160.0,160.0,160.0,0.0,-11.88,10.79,11.39,P44,8470.0,-14.39,-13.65,中山橋,1
KE16.A1,KE,31.0,140.0,16.11,150.0,150.0,150.0,0.0,-11.12,12.27,11.26,,8620.0,-11.06,-10.64,,1
KE16.A2,KE,32.0,141.0,16.12,223.0,223.0,223.0,0.0,-9.71,15.14,10.88,,8843.0,-3.506,0.023,,1
KE16.C,KE,33.0,142.0,16.3,135.0,135.0,135.0,0.0,-9.71,15.26,10.9,,8978.0,-3.45,1.54,,1
KE16.C1,KE,34.0,143.0,16.31,136.0,136.0,136.0,0.0,-11.95,14.06,10.97,,9114.0,-266.055,-265.015,,1
KE17,KE,35.0,144.0,17.0,118.0,118.0,118.0,0.0,-4.21,13.57,10.91,,9232.0,-355.13,-353.33,市區排水,1
KE17.2,KE,36.0,145.0,17.2,202.0,202.0,202.0,0.0,-2.91,14.6,10.88,,9434.0,-214.228,-210.688,,1
KE18,KE,37.0,146.0,18.0,154.0,154.0,154.0,0.0,-3.45,11.02,10.93,,9588.0,-187.57,-186.89,,1
KE18.2,KE,38.0,147.0,18.2,512.0,512.0,512.0,0.0,-2.93,11.16,10.86,,10100.0,-281.891,-281.352,,1
KE19,KE,39.0,148.0,19.0,166.0,166.0,166.0,0.0,-3.37,11.03,10.89,P07,10266.0,-193.46,-192.96,大直橋(下),1
KE19.A,KE,40.0,149.0,19.1,406.0,406.0,406.0,0.0,-3.99,11.07,11.05,,10672.0,-4.39,-2.45,,1
KE20,KE,41.0,150.0,20.0,271.0,271.0,271.0,0.0,-3.61,11.04,10.19,,10943.0,-245.8,-245.58,,1
KE20.01,KE,42.0,151.0,20.01,556.0,556.0,556.0,0.0,-3.23,11.8,10.85,,11499.0,-171.46,-171.439,,1
KE20.1,KE,43.0,152.0,20.1,325.0,325.0,325.0,0.0,-3.08,10.97,11.06,,11824.0,0.32,0.58,,1
KE20.2,KE,44.0,153.0,20.2,373.0,373.0,373.0,0.0,-4.54,11.12,11.07,,12197.0,3.02,3.23,,1
KE20.3,KE,45.0,154.0,20.3,339.0,339.0,339.0,0.0,-2.85,11.27,11.1,,12536.0,1.21,1.6,,1
KE20.4,KE,46.0,155.0,20.4,305.0,305.0,305.0,0.0,-4.24,11.31,10.97,,12841.0,-0.602,-0.385,,1
KE20.5,KE,47.0,156.0,20.5,372.0,372.0,372.0,0.0,-5.7,13.82,11.04,,13213.0,-10.13,-9.88,,1
KE20.5.1,KE,48.0,157.0,20.51,85.0,85.0,85.0,0.0,-4.86,9.9,11.03,,13298.0,-428.559,-428.298,,1
KE20.5.2,KE,49.0,158.0,20.52,85.0,85.0,85.0,0.0,-3.76,13.85,11.1,,13383.0,-291.082,-290.987,,1
KE20.6,KE,50.0,159.0,20.6,85.0,85.0,85.0,0.0,-5.68,13.59,11.27,,13468.0,-22.34,-21.6,高速公路橋(下),1
KE20.7,KE,52.0,161.0,20.7,508.0,508.0,508.0,0.0,-4.32,11.44,11.12,,14060.0,-11.263,-11.046,民權大橋(下),1
KE20.8,KE,56.0,165.0,20.8,419.0,419.0,419.0,0.0,-2.67,11.49,11.45,,14941.0,-3.69,-3.36,,1
KE20.8A,KE,57.0,166.0,20.81,339.0,339.0,339.0,0.0,-2.67,11.6,11.43,,15280.0,-4.58,-4.5,麥帥二號橋(下),1
KE27.A,KE,51.0,160.0,27.1,84.0,84.0,84.0,0.0,-5.05,6.87,11.36,,13552.0,-40.84,-35.24,,1
KE27.A1,KE,53.0,162.0,27.11,182.0,182.0,182.0,0.0,-5.96,11.41,11.15,,14242.0,-78.537,-78.023,,1
KE28.A,KE,54.0,163.0,28.1,157.0,157.0,157.0,0.0,-2.8,11.38,11.26,,14399.0,-20.29,-16.84,,1
KE28.A1,KE,55.0,164.0,28.11,123.0,123.0,123.0,0.0,-3.18,11.45,11.36,,14522.0,-16.004,-15.69,,1
KE28.A5,KE,58.0,167.0,28.15,214.0,214.0,214.0,0.0,-3.92,11.62,11.55,,15494.0,-39.929,-39.63,,1
KE28.A6,KE,59.0,168.0,28.16,104.0,104.0,104.0,0.0,-6.53,11.69,11.62,,15598.0,-19.622,-18.963,,1
KE34.A,KE,60.0,169.0,34.1,156.0,156.0,156.0,0.0,-3.37,11.68,11.69,,15754.0,-5.59,-5.4,,1
KE34.A2,KE,61.0,170.0,34.12,130.0,130.0,130.0,0.0,-3.93,11.63,11.62,,15884.0,-11.024,-10.926,,1
KE34.A3,KE,62.0,171.0,34.13,100.0,100.0,100.0,0.0,-3.77,11.57,11.7,,15984.0,-10.096,-9.909,,1
KE34.A4,KE,63.0,172.0,34.14,81.0,81.0,81.0,0.0,-2.67,11.65,11.74,,16065.0,-11.645,-11.391,,1
KE34.A5,KE,64.0,173.0,34.15,106.0,106.0,106.0,0.0,-3.8,11.58,11.8,,16171.0,-4.684,-4.483,,1
KE35,KE,65.0,174.0,35.0,92.0,92.0,92.0,0.0,-3.84,11.66,11.79,P43,16263.0,-13.6,-8.33,成美長壽橋(下),1
KE35.A,KE,66.0,175.0,35.1,339.0,339.0,339.0,0.0,-2.86,12.04,11.89,,16602.0,-7.88,-2.67,,1
KE35.B,KE,67.0,176.0,35.1,237.0,237.0,237.0,0.0,-1.76,12.0,11.94,,16839.0,-0.74,-0.44,,1
KE36,KE,68.0,177.0,36.0,508.0,508.0,508.0,0.0,-2.34,12.21,12.03,,17347.0,-29.31,-24.38,成功橋(下),1
KE37,KE,69.0,178.0,37.0,610.0,610.0,610.0,0.0,-1.19,12.42,12.17,,17957.0,14.95,22.16,,1
KE37.1,KE,70.0,179.0,37.1,254.0,254.0,254.0,0.0,-2.01,12.26,12.23,,18211.0,-9.75,-4.93,,1
KE37.2,KE,71.0,180.0,37.2,389.0,389.0,389.0,0.0,-3.68,12.5,12.43,,18600.0,-5.12,-5.05,,1
KE40,KE,72.0,181.0,40.0,204.0,204.0,204.0,0.0,-1.53,12.83,12.78,,18804.0,3.68,3.93,,1
KE41,KE,73.0,182.0,41.0,508.0,508.0,508.0,0.0,-2.94,12.82,12.95,,19312.0,3.21,7.03,垃圾山,1
KE42,KE,74.0,183.0,42.0,339.0,339.0,339.0,0.0,-3.57,12.76,12.95,P24,19651.0,-13.87,-11.3,南湖大橋(下),1
KE43,KE,75.0,184.0,43.0,508.0,508.0,508.0,0.0,-3.52,12.8,12.81,,20159.0,-20.47,-19.49,,1
KE43.1,KE,76.0,185.0,43.1,165.0,165.0,165.0,0.0,-3.08,13.0,13.02,,20324.0,-8.138,-7.604,,1
KE43.2,KE,77.0,186.0,43.2,161.0,161.0,161.0,0.0,-1.16,13.07,13.06,,20485.0,-10.282,-9.814,,1
KE44,KE,78.0,187.0,44.0,47.0,47.0,47.0,0.0,-2.12,13.09,13.15,,20532.0,-27.64,-26.96,,1
KE45,KE,79.0,188.0,45.0,508.0,508.0,508.0,0.0,-0.82,13.4,13.5,,21040.0,-19.51,-19.36,內溝溪,1
KE46,KE,80.0,189.0,46.0,508.0,508.0,508.0,0.0,-1.0,13.15,13.39,,21548.0,-42.36,-42.16,南陽大橋(下),1
KE47,KE,81.0,190.0,47.0,339.0,339.0,339.0,0.0,-1.06,14.86,13.41,,21887.0,8.441,8.802,,1
KE48,KE,82.0,191.0,48.0,339.0,339.0,339.0,0.0,-2.11,13.68,13.7,,22226.0,-5.98,-5.5,大坑溪,1
KE48.2,KE,83.0,192.0,48.2,169.0,169.0,169.0,0.0,-0.53,13.27,13.53,,22395.0,1.49,6.35,,1
KE49,KE,84.0,193.0,49.0,491.0,491.0,491.0,0.0,-0.55,13.27,13.42,,22886.0,-38.19,-37.84,,1
KE50,KE,85.0,194.0,50.0,526.0,526.0,526.0,0.0,-1.57,13.34,13.6,P23,23412.0,5.01,8.98,社后橋(下),1
KE51,KE,86.0,195.0,51.0,321.0,321.0,321.0,0.0,-0.82,13.24,13.6,,23733.0,0.15,1.16,,1
KE52,KE,87.0,196.0,52.0,492.0,492.0,492.0,0.0,-1.66,13.63,13.82,,24225.0,6.51,6.73,,1
KE52.1,KE,88.0,197.0,52.1,338.0,338.0,338.0,0.0,-0.84,13.26,13.09,,24563.0,-8.47,-7.578,,1
KE53,KE,89.0,198.0,53.0,34.0,34.0,34.0,0.0,-1.03,14.95,13.24,,24597.0,-0.944,-0.32,,1
KE54,KE,90.0,199.0,54.0,339.0,339.0,339.0,0.0,-1.09,13.8,27.47,,24936.0,5.31,12.58,樟江大橋(下),1
KE55,KE,91.0,200.0,55.0,186.0,186.0,186.0,0.0,-0.24,13.81,21.95,,25122.0,11.62,17.86,,1
KE55.1,KE,92.0,201.0,55.1,136.0,136.0,136.0,0.0,-0.7,13.76,20.13,,25258.0,-12.45,-7.158,,1
KE55.2,KE,93.0,202.0,55.2,102.0,102.0,102.0,0.0,-0.33,14.29,18.85,,25360.0,1.41,2.733,,1
KE55.3,KE,94.0,203.0,55.3,84.0,84.0,84.0,0.0,-1.23,17.03,19.13,,25444.0,-2.819,-0.091,,1
KE55.5,KE,95.0,204.0,55.5,136.0,136.0,136.0,0.0,-0.15,19.09,19.46,,25580.0,0.011,1.423,,1
KE56,KE,96.0,205.0,56.0,118.0,118.0,118.0,0.0,-2.86,17.77,14.62,,25698.0,-46.04,-45.91,高公路橋(下),1
KE56.1,KE,97.0,206.0,56.1,119.0,119.0,119.0,0.0,-1.06,14.46,14.44,,25817.0,-35.693,-6.24,,1
KE57,KE,98.0,207.0,57.0,136.0,136.0,136.0,0.0,-0.54,14.53,17.26,,25953.0,2.88,3.05,,1
KE58,KE,99.0,208.0,58.0,237.0,237.0,237.0,0.0,-1.01,14.6,14.57,,26190.0,6.92,19.68,,1
KE59,KE,100.0,209.0,59.0,271.0,271.0,271.0,0.0,-1.04,14.65,14.58,,26461.0,45.835,45.995,,1
KE60,KE,101.0,210.0,60.0,339.0,339.0,339.0,0.0,-0.41,14.73,14.66,,26800.0,-8.07,-7.9,,1
KE61,KE,102.0,211.0,61.0,338.0,338.0,338.0,0.0,0.18,15.03,14.77,P48,27138.0,8.34,10.21,江北橋,1
KE62,KE,103.0,212.0,62.0,68.0,68.0,68.0,0.0,0.54,14.98,14.78,,27206.0,-31.09,-23.65,,1
KE63,KE,104.0,213.0,63.0,271.0,271.0,271.0,0.0,-0.32,15.24,15.02,,27477.0,25.34,26.02,,1
KE64,KE,105.0,214.0,64.0,203.0,203.0,203.0,0.0,0.75,15.07,15.05,,27680.0,-43.24,-42.44,五線聯絡橋(下),1
KE65,KE,106.0,215.0,65.0,288.0,288.0,288.0,0.0,-0.12,15.29,15.11,,27968.0,-114.304,-114.042,,1
KE66,KE,107.0,216.0,66.0,322.0,322.0,322.0,0.0,-0.7,15.21,15.86,,28290.0,-8.28,-7.25,,1
KE67,KE,108.0,217.0,67.0,305.0,305.0,305.0,0.0,0.44,15.29,15.43,,28595.0,49.16,49.32,,1
KE68,KE,109.0,218.0,68.0,576.0,576.0,576.0,0.0,1.67,15.48,15.92,P20,29171.0,22.57,22.59,長安橋(下),1
KE69,KE,110.0,219.0,69.0,322.0,322.0,322.0,0.0,0.85,16.23,15.52,,29493.0,118.5,118.62,保長坑溪,1
KE70,KE,111.0,220.0,70.0,339.0,339.0,339.0,0.0,0.64,16.5,15.6,,29832.0,-2.42,-2.22,友蚋溪,1
KE71,KE,112.0,221.0,71.0,186.0,186.0,186.0,0.0,1.74,17.1,17.53,,30018.0,-15.03,-11.69,中山高橋(下),1
KE72,KE,113.0,222.0,72.0,170.0,170.0,170.0,0.0,1.82,17.7,17.81,,30188.0,-1.973,-0.862,,1
KE73,KE,114.0,223.0,73.0,711.0,711.0,711.0,0.0,1.75,18.73,15.81,,30899.0,-0.04,0.05,,1
KE73.1,KE,115.0,224.0,73.1,474.0,474.0,474.0,0.0,0.28,18.26,17.85,,31373.0,-6.3,4.09,千祥橋(下),1
KE74,KE,116.0,225.0,74.0,305.0,305.0,305.0,0.0,2.35,17.61,17.82,,31678.0,-11.3,-1.88,,1
KE75,KE,117.0,226.0,75.0,542.0,542.0,542.0,0.0,0.67,18.12,19.9,,32220.0,9.53,10.67,百福橋(下),1
KE76,KE,118.0,227.0,76.0,644.0,644.0,644.0,0.0,3.11,18.36,18.39,,32864.0,-11.07,-10.97,,1
KE77,KE,119.0,228.0,77.0,542.0,542.0,542.0,0.0,2.47,19.33,18.77,,33406.0,-4.13,-3.9,,1
KE78,KE,120.0,229.0,78.0,407.0,407.0,407.0,0.0,3.57,19.85,19.44,,33813.0,-10.91,-5.16,實踐橋(下),1
KE79,KE,121.0,230.0,79.0,102.0,102.0,102.0,0.0,2.69,19.69,18.96,,33915.0,-14.148,-13.667,,1
KE80,KE,122.0,231.0,80.0,186.0,186.0,186.0,0.0,1.77,19.14,19.31,,34101.0,-3.26,-2.93,,1
KE80.1,KE,123.0,232.0,80.1,135.0,135.0,135.0,0.0,2.83,19.28,19.23,P12,34236.0,-12.61,-12.57,五堵,1
KE81,KE,124.0,233.0,81.0,102.0,102.0,102.0,0.0,2.9,19.21,19.36,,34338.0,-12.53,-12.41,,1
KE82,KE,125.0,234.0,82.0,390.0,390.0,390.0,0.0,3.19,19.69,19.46,,34728.0,-26.15,-25.66,,1
KE83,KE,126.0,235.0,83.0,643.0,643.0,643.0,0.0,3.84,19.97,19.89,,35371.0,-10.11,-9.96,,1
KE84,KE,127.0,236.0,84.0,373.0,373.0,373.0,0.0,3.88,20.1,20.04,,35744.0,-10.67,-10.2,,1
KE85,KE,128.0,237.0,85.0,203.0,203.0,203.0,0.0,4.0,20.25,21.13,,35947.0,-9.89,-9.24,五福橋,1
KE86,KE,129.0,238.0,86.0,678.0,678.0,678.0,0.0,4.34,20.21,20.35,,36625.0,-11.71,-10.36,,1
KE87,KE,130.0,239.0,87.0,305.0,305.0,305.0,0.0,4.47,20.51,21.46,,36930.0,-11.23,-10.54,,1
KE88,KE,131.0,240.0,88.0,203.0,203.0,203.0,0.0,6.28,20.74,22.0,,37133.0,1.06,1.42,六合橋,1
KE89,KE,132.0,241.0,89.0,813.0,813.0,813.0,0.0,6.96,21.44,21.0,,37946.0,-19.74,-19.67,,1
KE90,KE,133.0,242.0,90.0,542.0,542.0,542.0,0.0,7.91,23.2,20.5,,38488.0,-55.66,-55.6,七賢橋,1
KE91,KE,134.0,243.0,91.0,170.0,170.0,170.0,0.0,5.28,20.43,21.0,,38658.0,-9.18,-9.07,,1
KE92,KE,135.0,244.0,92.0,745.0,745.0,745.0,0.0,7.33,21.73,21.67,,39403.0,-7.52,-1.5,崇智橋,1
KE93,KE,136.0,245.0,93.0,305.0,305.0,305.0,0.0,7.68,20.93,20.97,,39708.0,0.0,0.04,,1
KE94,KE,137.0,246.0,94.0,305.0,305.0,305.0,0.0,8.21,24.34,23.87,P21,40013.0,-1.47,0.22,大華橋,1
KE95,KE,138.0,247.0,95.0,508.0,508.0,508.0,0.0,8.46,22.05,23.6,,40521.0,-25.93,-25.65,,1
KE96,KE,139.0,248.0,96.0,339.0,339.0,339.0,0.0,9.7,23.56,23.0,,40860.0,-19.8,-18.67,,1
KE96.1,KE,140.0,249.0,96.1,644.0,644.0,644.0,0.0,9.2,25.67,25.34,,41504.0,0.98,1.02,八德橋,1
KE97,KE,141.0,250.0,97.0,576.0,576.0,576.0,0.0,11.05,24.13,23.23,,42080.0,-10.31,-9.2,鐵路橋,1
KE98,KE,142.0,251.0,98.0,101.0,101.0,101.0,0.0,11.72,28.76,23.87,,42181.0,-1.79,-1.69,八堵橋,1
KE99,KE,143.0,252.0,99.0,678.0,678.0,678.0,0.0,12.45,25.86,26.34,,42859.0,-11.71,-11.42,,1
M00.2,M,1.0,363.0,0.2,0.0,0.0,0.0,0.0,-1.22,15.21,15.08,,0.0,-14.76,-10.66,,1
M00.4,M,2.0,364.0,0.4,280.0,280.0,280.0,0.0,0.58,15.21,15.08,,280.0,-5.05,-1.94,,1
M01,M,3.0,365.0,1.0,120.0,120.0,120.0,0.0,0.85,15.39,15.16,,400.0,-6.72,-6.09,,1
M02,M,4.0,366.0,2.0,455.0,455.0,455.0,0.0,2.86,15.69,15.55,,855.0,-1.74,-0.59,,1
M03,M,5.0,367.0,3.0,280.0,280.0,280.0,0.0,3.74,16.19,15.74,,1135.0,-3.3,-0.51,,1
M04,M,6.0,368.0,4.0,352.0,352.0,352.0,0.0,4.2,17.77,16.02,,1487.0,-11.05,-1.64,,1
M05,M,7.0,369.0,5.0,112.0,112.0,112.0,0.0,5.71,17.25,17.25,,1599.0,0.36,4.68,,1
M06.1,M,8.0,370.0,6.1,224.0,224.0,224.0,0.0,4.93,16.78,16.78,,1823.0,-1.23,-0.71,,1
M07,M,9.0,371.0,7.0,288.0,288.0,288.0,0.0,5.23,17.38,19.58,,2111.0,0.0,0.0,,1
M08,M,10.0,372.0,8.0,519.0,519.0,519.0,0.0,4.56,18.0,18.77,,2630.0,-0.78,0.0,,1
M09,M,11.0,373.0,9.0,368.0,368.0,368.0,0.0,3.56,18.78,19.8,,2998.0,-3.68,-0.71,,1
M10,M,12.0,374.0,10.0,400.0,400.0,400.0,0.0,5.15,20.32,20.06,,3398.0,-5.27,-1.39,,1
M11,M,13.0,375.0,11.0,479.0,479.0,479.0,0.0,5.42,20.97,20.22,,3877.0,-3.16,-0.61,,1
M12,M,14.0,376.0,12.0,376.0,376.0,376.0,0.0,6.5,21.29,21.35,P10,4253.0,-30.41,-30.41,寶橋,1
M12.4,M,15.0,377.0,12.4,504.0,504.0,504.0,0.0,6.84,22.04,23.2,,4757.0,-2.83,-2.47,,1
M13,M,16.0,378.0,13.0,96.0,96.0,96.0,0.0,6.11,21.94,21.32,,4853.0,-5.72,-5.32,,1
M14,M,17.0,379.0,14.0,184.0,184.0,184.0,0.0,6.85,21.49,21.46,,5037.0,-10.66,-8.94,,1
M15,M,18.0,380.0,15.0,607.0,607.0,607.0,0.0,7.66,21.72,21.63,,5644.0,-9.33,-7.58,,1
M16,M,19.0,381.0,16.0,560.0,560.0,560.0,0.0,8.22,23.58,22.16,,6204.0,-9.54,-6.31,,1
M17,M,20.0,382.0,17.0,567.0,567.0,567.0,0.0,7.44,22.93,22.77,,6771.0,-0.76,0.0,,1
M18,M,21.0,383.0,18.0,504.0,504.0,504.0,0.0,8.22,23.2,23.05,,7275.0,-6.34,-5.34,,1
M19,M,22.0,384.0,19.0,472.0,472.0,472.0,0.0,9.39,23.37,23.63,,7747.0,-12.66,-9.67,,1
M20,M,23.0,385.0,20.0,368.0,368.0,368.0,0.0,8.86,23.43,23.5,,8115.0,-3.69,-1.08,,1
M21,M,24.0,386.0,21.0,447.0,447.0,447.0,0.0,9.32,24.35,23.41,,8562.0,-0.58,-0.36,,1
M22,M,25.0,387.0,22.0,464.0,464.0,464.0,0.0,8.98,23.84,23.69,,9026.0,-8.1,-4.61,,1
M23,M,26.0,388.0,23.0,328.0,328.0,328.0,0.0,10.97,24.39,25.12,P92,9354.0,-2.61,-1.06,萬福橋_水,1
M24,M,27.0,389.0,24.0,391.0,391.0,391.0,0.0,12.28,26.25,25.64,,9745.0,-94.66,-94.66,,1
M25,M,28.0,390.0,25.0,536.0,536.0,536.0,0.0,9.74,24.08,23.62,,10281.0,4.38,7.78,,1
M26,M,29.0,391.0,26.0,496.0,496.0,496.0,0.0,14.9,31.02,25.85,,10777.0,-5.68,-1.25,,1
M27,M,30.0,392.0,27.0,535.0,535.0,535.0,0.0,16.09,28.45,28.91,,11312.0,-35.11,-19.6,,1
M28,M,31.0,393.0,28.0,352.0,352.0,352.0,0.0,14.94,30.06,29.32,,11664.0,-9.65,-3.83,,1
M29,M,32.0,394.0,29.0,264.0,264.0,264.0,0.0,16.41,33.38,28.35,,11928.0,-6.99,-0.9,,1
M30,M,33.0,395.0,30.0,215.0,215.0,215.0,0.0,16.68,34.56,32.29,,12143.0,-5.37,-1.09,,1
M31,M,34.0,396.0,31.0,164.0,164.0,164.0,0.0,16.62,34.28,31.95,,12307.0,-3.61,-1.04,,1
M32,M,35.0,397.0,32.0,144.0,144.0,144.0,0.0,16.78,31.54,29.6,,12451.0,-0.59,-0.47,,1
M33,M,36.0,398.0,33.0,261.0,261.0,261.0,0.0,18.39,31.02,30.9,,12712.0,-18.61,-15.3,,1
M34,M,37.0,399.0,34.0,169.0,169.0,169.0,0.0,18.12,32.77,31.92,,12881.0,-11.07,-10.13,,1
M35,M,38.0,400.0,35.0,110.0,110.0,110.0,0.0,17.0,33.91,34.04,,12991.0,-23.55,-17.12,,1
M36,M,39.0,401.0,36.0,202.0,202.0,202.0,0.0,18.51,33.44,34.45,,13193.0,-130.07,-129.1,,1
M37,M,40.0,402.0,37.0,107.0,107.0,107.0,0.0,19.45,36.08,36.04,,13300.0,-142.9,-142.9,,1
M38,M,41.0,403.0,38.0,150.0,150.0,150.0,0.0,17.36,32.68,33.31,P47,13450.0,-11.44,-5.96,深坑中正橋,1
M39,M,42.0,404.0,39.0,111.0,111.0,111.0,0.0,18.17,33.8,39.71,,13561.0,11.47,19.64,,1
M40,M,43.0,405.0,40.0,202.0,202.0,202.0,0.0,20.51,36.37,36.26,,13763.0,-36.8,-36.48,,1
M41,M,44.0,406.0,41.0,219.0,219.0,219.0,0.0,20.28,38.49,38.44,,13982.0,-1.7,-1.51,,1
M43,M,45.0,407.0,43.0,122.0,122.0,122.0,0.0,21.44,34.89,39.37,,14104.0,-15.69,-11.73,,1
M44,M,46.0,408.0,44.0,131.0,131.0,131.0,0.0,20.51,39.27,40.24,,14235.0,-12.26,-5.78,,1
M45,M,47.0,409.0,45.0,161.0,161.0,161.0,0.0,21.33,39.24,43.93,,14396.0,-2.14,0.0,,1
M46,M,48.0,410.0,46.0,159.0,159.0,159.0,0.0,22.87,46.05,44.86,,14555.0,-342.22,-338.18,,1
M47,M,49.0,411.0,47.0,235.0,235.0,235.0,0.0,22.85,48.67,49.15,,14790.0,-5.11,-5.11,,1
M48,M,50.0,412.0,48.0,134.0,134.0,134.0,0.0,23.26,43.76,55.13,,14924.0,-9.19,-6.38,,1
M49,M,51.0,413.0,49.0,138.0,138.0,138.0,0.0,22.89,33.37,32.76,,15062.0,-16.17,0.0,,1
M50,M,52.0,414.0,50.0,171.0,171.0,171.0,0.0,23.98,45.2,36.81,,15233.0,-14.01,-6.97,,1
M51,M,53.0,415.0,51.0,202.0,202.0,202.0,0.0,25.37,50.15,46.26,,15435.0,-11.6,-2.01,,1
M52,M,54.0,416.0,52.0,147.0,147.0,147.0,0.0,25.53,48.88,47.68,,15582.0,-7.67,-7.24,,1
M53,M,55.0,417.0,53.0,187.0,187.0,187.0,0.0,26.01,53.29,52.21,,15769.0,-134.87,-128.0,,1
M54,M,56.0,418.0,54.0,132.0,132.0,132.0,0.0,26.63,53.61,51.56,,15901.0,-162.39,-161.34,,1
M55,M,57.0,419.0,55.0,208.0,208.0,208.0,0.0,28.96,51.71,52.65,,16109.0,0.0,0.0,,1
M56,M,58.0,420.0,56.0,250.0,250.0,250.0,0.0,28.77,55.05,53.61,,16359.0,-4.26,-1.32,,1
M57,M,59.0,421.0,57.0,114.0,114.0,114.0,0.0,28.55,55.49,51.8,,16473.0,-6.4,-1.36,,1
M58,M,60.0,422.0,58.0,198.0,198.0,198.0,0.0,29.58,58.13,54.26,,16671.0,-1.29,-1.01,,1
M59,M,61.0,423.0,59.0,206.0,206.0,206.0,0.0,31.7,57.04,55.53,,16877.0,-6.34,-1.8,,1
M60,M,62.0,424.0,60.0,180.0,180.0,180.0,0.0,31.35,59.14,62.82,,17057.0,0.0,0.0,,1
M61,M,63.0,425.0,61.0,159.0,159.0,159.0,0.0,33.42,58.71,64.17,,17216.0,-212.79,-212.79,,1
M62,M,64.0,426.0,62.0,116.0,116.0,116.0,0.0,33.28,60.22,64.2,,17332.0,0.0,0.0,,1
M63,M,65.0,427.0,63.0,181.0,181.0,181.0,0.0,34.01,59.82,61.58,,17513.0,-51.1,-51.1,,1
M64,M,66.0,428.0,64.0,303.0,303.0,303.0,0.0,34.96,69.58,70.58,,17816.0,0.0,0.0,,1
M65,M,67.0,429.0,65.0,187.0,187.0,187.0,0.0,36.76,82.8,66.58,,18003.0,-4.58,-1.09,,1
N68,N,1.0,481.0,68.0,0.0,0.0,0.0,0.0,48.6,65.76,65.4,,0.0,-0.95,0.0,,1
N68.1,N,2.0,482.0,68.1,541.65,541.65,541.65,0.0,50.0,65.27,70.0,,541.65,-8.81,-1.66,,1
N68.1.0,N,3.0,483.0,68.1,139.22,139.22,139.22,0.0,50.7,81.24,72.38,,680.87,-12.88,-11.91,,1
N68.1.1,N,4.0,484.0,68.11,139.22,139.22,139.22,0.0,53.45,60.61,61.1,,820.09,-22.61,-19.69,,1
N68.1.2,N,5.0,485.0,68.12,139.22,139.22,139.22,0.0,53.77,68.68,68.94,,959.31,151.46,153.22,,1
N68.1.3,N,6.0,486.0,68.13,111.0,111.0,111.0,0.0,53.78,69.81,69.41,,1070.31,-53.89,-49.36,,1
N68.2,N,7.0,487.0,68.2,110.0,110.0,110.0,0.0,54.13,65.19,64.12,,1180.31,-17.68,-16.11,,1
N69,N,8.0,488.0,69.0,293.8,293.8,293.8,0.0,56.12,68.88,71.35,P32,1474.11,-35.78,-31.64,上龜山橋,1
N70,N,9.0,489.0,70.0,457.29,457.29,457.29,0.0,58.95,75.69,70.0,,1931.4,-17.0,-13.88,,1
N70.1,N,10.0,490.0,70.1,251.0,251.0,251.0,0.0,60.26,69.25,67.58,,2182.4,-11.92,-3.86,,1
N71,N,11.0,491.0,71.0,84.07,84.07,84.07,0.0,60.47,78.81,71.5,,2266.47,-16.81,-14.82,,1
N72,N,12.0,492.0,72.0,428.49,428.49,428.49,0.0,65.88,78.2,81.25,,2694.96,-21.74,-11.95,,1
N72.1,N,13.0,493.0,72.1,276.0,276.0,276.0,0.0,68.67,82.11,84.8,,2970.96,-22.02,-16.67,,1
N73,N,14.0,494.0,73.0,286.93,286.93,286.93,0.0,72.36,80.85,83.32,,3257.89,-23.87,-19.03,,1
N74,N,15.0,495.0,74.0,414.0,414.0,414.0,0.0,73.65,87.92,90.74,,3671.89,-25.45,-22.58,,1
N74.1,N,16.0,496.0,74.1,888.93,888.93,888.93,0.0,77.21,100.0,96.53,,4560.81,-27.88,-20.62,,1
N75,N,17.0,497.0,75.0,280.25,280.25,280.25,0.0,79.35,93.55,93.67,P95,4841.07,-11.2,-2.83,加九寮橋,1
N76,N,18.0,498.0,76.0,587.04,587.04,587.04,0.0,84.2,108.57,102.76,,5428.1,-33.89,-33.89,,1
N77,N,19.0,499.0,77.0,514.85,514.85,514.85,0.0,87.8,110.0,110.0,,5942.95,-18.68,-16.34,,1
N78,N,20.0,500.0,78.0,359.14,359.14,359.14,0.0,93.95,105.29,106.63,,6302.09,-6.42,-5.01,,1
N78.1,N,21.0,501.0,78.1,195.59,195.59,195.59,0.0,101.88,117.22,117.76,P64,6497.68,-1.35,0.0,桂山壩,1
N79,N,22.0,502.0,79.0,605.82,605.82,605.82,0.0,102.62,133.9,132.91,,7103.5,-9.58,-4.24,,1
N80,N,23.0,503.0,80.0,527.62,527.62,527.62,0.0,106.2,127.46,117.16,,7631.12,-1.0,-1.0,,1
N81,N,24.0,504.0,81.0,210.53,210.53,210.53,0.0,107.86,122.3,118.21,P94,7841.65,-10.82,-7.41,覽勝大橋,1
S01,S,1.0,444.0,1.0,0.0,0.0,0.0,0.0,5.17,19.45,22.48,,0.0,-9.76,-6.29,,1
S01.A,S,2.0,445.0,1.1,321.0,321.0,321.0,0.0,4.87,18.87,26.43,P31,321.0,7.41,9.83,柑城橋,1
S02,S,3.0,446.0,2.0,177.0,177.0,177.0,0.0,5.64,21.92,26.48,,498.0,-47.38,-44.25,,1
S03,S,4.0,447.0,3.0,690.0,690.0,690.0,0.0,8.43,22.26,24.26,,1188.0,-15.0,-8.98,,1
S04,S,5.0,448.0,4.0,658.0,658.0,658.0,0.0,11.96,22.73,22.23,,1846.0,114.7,116.36,,1
S05,S,6.0,449.0,5.0,497.0,497.0,497.0,0.0,11.94,23.18,22.64,,2343.0,-263.4,-263.35,,1
S06,S,7.0,450.0,6.0,706.0,706.0,706.0,0.0,13.77,23.27,25.13,,3049.0,-41.12,-35.92,,1
S07,S,8.0,451.0,7.0,482.0,482.0,482.0,0.0,15.48,26.81,28.2,,3531.0,-11.72,-5.71,,1
S08,S,9.0,452.0,8.0,722.0,722.0,722.0,0.0,19.45,29.38,30.77,,4253.0,-75.64,-74.9,,1
S09,S,10.0,453.0,9.0,401.0,401.0,401.0,0.0,20.99,29.97,29.38,,4654.0,-28.56,-27.9,,1
S10.A,S,11.0,454.0,10.1,899.0,899.0,899.0,0.0,26.81,38.63,38.43,,5553.0,-36.63,-30.84,,1
S10.B,S,12.0,455.0,10.2,128.0,128.0,128.0,0.0,27.35,37.45,37.41,P15,5681.0,-12.84,-10.01,三峽(2),1
S10.C,S,13.0,456.0,10.3,97.0,97.0,97.0,0.0,27.87,36.03,37.5,,5778.0,-5.7,-5.69,,1
S10.D,S,14.0,457.0,10.4,224.0,224.0,224.0,0.0,28.08,35.84,39.46,,6002.0,-5.01,-3.23,,1
S11,S,15.0,458.0,11.0,273.0,273.0,273.0,0.0,29.35,39.05,39.01,,6275.0,-10.4,-9.47,,1
S12,S,16.0,459.0,12.0,466.0,466.0,466.0,0.0,30.93,41.07,41.13,,6741.0,-14.2,-11.09,,1
S13,S,17.0,460.0,13.0,257.0,257.0,257.0,0.0,31.86,41.82,41.59,,6998.0,-7.38,-7.33,,1
S13.A,S,18.0,461.0,13.1,465.0,465.0,465.0,0.0,34.3,45.6,45.21,,7463.0,-31.2,-28.4,,1
S14,S,19.0,462.0,14.0,481.0,481.0,481.0,0.0,37.18,50.3,51.2,,7944.0,-58.19,-57.87,,1
S15,S,20.0,463.0,15.0,257.0,257.0,257.0,0.0,37.54,52.07,50.15,,8201.0,-115.21,-113.29,,1
S15.A,S,21.0,464.0,15.1,161.0,161.0,161.0,0.0,37.2,54.23,54.18,,8362.0,-9.99,-4.73,,1
S16,S,22.0,465.0,16.0,690.0,690.0,690.0,0.0,43.35,62.03,63.19,,9052.0,-3.94,-1.4,,1
S17,S,23.0,466.0,17.0,417.0,417.0,417.0,0.0,45.49,51.66,70.09,,9469.0,-19.17,-13.02,,1
S18,S,24.0,467.0,18.0,498.0,498.0,498.0,0.0,49.81,58.0,61.0,,9967.0,1.8,1.85,,1
S18.A,S,25.0,468.0,18.1,818.0,818.0,818.0,0.0,58.22,68.64,77.22,,10785.0,-30.99,-26.64,,1
S18.A1,S,26.0,469.0,18.11,751.0,751.0,751.0,0.0,63.52,89.26,83.91,,11536.0,-19.04,-12.9,,1
S18.A2,S,27.0,470.0,18.12,502.0,502.0,502.0,0.0,66.69,99.36,89.47,,12038.0,-6.37,0.0,,1
S18.B,S,28.0,471.0,18.2,641.0,641.0,641.0,0.0,73.5,84.92,85.47,,12679.0,-6.28,-5.45,,1
S18.C,S,29.0,472.0,18.3,321.0,321.0,321.0,0.0,78.48,94.62,94.91,,13000.0,-5.32,-2.33,,1
S18.D,S,30.0,473.0,18.4,849.0,849.0,849.0,0.0,89.35,104.68,111.69,,13849.0,-10.19,-4.56,,1
S19,S,31.0,474.0,19.0,496.0,496.0,496.0,0.0,99.39,108.69,142.52,,14345.0,-26.65,-19.33,,1
S19.A,S,32.0,475.0,19.1,987.0,987.0,987.0,0.0,117.08,126.58,129.22,,15332.0,-6.88,-3.37,,1
S20,S,33.0,476.0,20.0,465.0,465.0,465.0,0.0,119.58,136.77,146.24,,15797.0,-18.34,-11.81,,1
S20.A,S,34.0,477.0,20.1,144.0,144.0,144.0,0.0,122.93,138.91,138.15,,15941.0,-8.06,-7.24,,1
S21,S,35.0,478.0,21.0,318.0,318.0,318.0,0.0,126.06,131.76,132.54,,16259.0,-2.93,-2.85,,1
S21.A,S,36.0,479.0,21.1,257.0,257.0,257.0,0.0,127.38,140.86,139.93,,16516.0,-13.81,-13.46,,1
S21.B,S,37.0,480.0,21.2,424.0,424.0,424.0,0.0,133.9,154.24,149.62,,16940.0,-69.56,-61.67,,1
TE00,TE,1.0,1.0,0.0,0.0,0.0,0.0,0.0,-8.39,4.0,2.74,P01,0.0,2.69,5.7,河口,1
TE01,TE,2.0,2.0,1.0,541.0,541.0,541.0,0.0,-6.51,3.15,3.0,,541.0,-150.55,-149.62,,1
TE02,TE,3.0,3.0,2.0,577.0,577.0,577.0,0.0,-7.45,4.06,2.5,,1118.0,-15.4,-14.91,,1
TE03,TE,4.0,4.0,3.0,685.0,685.0,685.0,0.0,-9.19,3.88,3.0,,1803.0,55.38,59.28,,1
TE04,TE,5.0,5.0,4.0,721.0,721.0,721.0,0.0,-7.7,6.89,2.59,,2524.0,-108.5,-105.32,,1
TE05,TE,6.0,6.0,5.0,722.0,722.0,722.0,0.0,-5.43,4.0,2.4,,3246.0,-28.2,-22.61,,1
TE06,TE,7.0,7.0,6.0,1046.0,1046.0,1046.0,0.0,-5.36,6.0,4.0,,4292.0,2.74,4.08,,1
TE07,TE,8.0,8.0,7.0,468.0,468.0,468.0,0.0,-5.0,4.6,5.29,,4760.0,-7.81,-1.42,,1
TE08,TE,9.0,9.0,8.0,523.0,523.0,523.0,0.0,-5.32,2.16,4.0,,5283.0,35.63,37.6,,1
TE09,TE,10.0,10.0,9.0,776.0,776.0,776.0,0.0,-7.56,2.57,2.0,,6059.0,-11.12,-6.86,,1
TE10,TE,11.0,11.0,10.0,613.0,613.0,613.0,0.0,-6.28,3.56,3.8,P02,6672.0,-47.58,-45.81,土地公鼻,1
TE10.A,TE,12.0,12.0,10.1,288.0,288.0,288.0,0.0,-9.69,3.68,5.68,,6960.0,-2.22,-2.15,,1
TE11,TE,13.0,13.0,11.0,325.0,325.0,325.0,0.0,-6.07,5.0,5.3,,7285.0,26.2,26.51,關渡大橋,1
TE12,TE,14.0,14.0,12.0,649.0,649.0,649.0,0.0,-11.93,6.8,1.47,,7934.0,-15.21,-15.12,基隆河匯入,1
TE13,TE,15.0,15.0,13.0,901.0,901.0,901.0,0.0,-8.44,9.07,5.9,P03,8835.0,-4.18,-0.88,獅子頭,1
TE14,TE,16.0,16.0,14.0,830.0,830.0,830.0,0.0,-5.12,9.37,6.04,,9665.0,-5.09,-0.85,,1
TE15,TE,17.0,17.0,15.0,613.0,613.0,613.0,0.0,-5.67,9.34,5.92,,10278.0,79.18,79.18,,1
TE16,TE,18.0,18.0,16.0,829.0,829.0,829.0,0.0,-7.1,9.57,6.11,,11107.0,0.26,0.39,,1
TE17,TE,19.0,19.0,17.0,505.0,505.0,505.0,0.0,-6.81,9.52,6.08,,11612.0,-134.37,-127.09,,1
TE18,TE,20.0,20.0,18.0,686.0,686.0,686.0,0.0,-6.54,9.31,6.03,,12298.0,-202.16,-197.12,,1
TE19,TE,21.0,21.0,19.0,396.0,396.0,396.0,0.0,-8.28,9.47,5.98,,12694.0,-23.43,-16.52,,1
TE20,TE,22.0,22.0,20.0,794.0,794.0,794.0,0.0,-5.75,9.62,10.09,,13488.0,-20.67,-17.23,,1
TE20.A,TE,23.0,23.0,20.1,432.0,432.0,432.0,0.0,-9.41,9.72,10.11,,13920.0,-3.75,-2.97,,1
TE21,TE,24.0,24.0,21.0,145.0,145.0,145.0,0.0,-13.52,9.75,10.15,,14065.0,-20.39,-18.23,,1
TE22,TE,25.0,25.0,22.0,721.0,721.0,721.0,0.0,-8.41,9.94,10.11,,14786.0,26.42,29.78,,1
TE22.A,TE,26.0,26.0,22.1,36.0,36.0,36.0,0.0,-8.95,9.94,10.13,,14822.0,-58.49,-56.9,,1
TE23,TE,27.0,27.0,23.0,505.0,505.0,505.0,0.0,-9.03,9.79,10.28,,15327.0,-69.37,-61.18,,1
TE24,TE,28.0,28.0,24.0,721.0,721.0,721.0,0.0,-8.55,9.73,10.83,,16048.0,-41.52,-39.5,,1
TE24.A,TE,29.0,29.0,24.1,433.0,433.0,433.0,0.0,-9.42,9.87,10.51,P04,16481.0,-43.48,-34.38,臺北橋,1
TE25,TE,30.0,30.0,25.0,144.0,144.0,144.0,0.0,-6.38,10.16,10.51,,16625.0,-22.32,-22.25,,1
TE26,TE,31.0,31.0,26.0,577.0,577.0,577.0,0.0,-3.9,10.59,10.97,,17202.0,-63.97,-53.19,,1
TE27,TE,32.0,32.0,27.0,613.0,613.0,613.0,0.0,-4.54,10.67,11.1,,17815.0,-42.16,-29.56,,1
TE27.A,TE,33.0,33.0,27.1,108.0,108.0,108.0,0.0,-4.97,10.76,11.05,,17923.0,-80.32,-78.29,,1
TE28,TE,34.0,34.0,28.0,541.0,541.0,541.0,0.0,-5.22,10.92,11.14,,18464.0,21.44,25.9,,1
TE28.A,TE,35.0,35.0,28.1,253.0,253.0,253.0,0.0,-9.65,10.85,11.19,,18717.0,-68.12,-63.22,,1
TE29,TE,36.0,36.0,29.0,216.0,216.0,216.0,0.0,-2.92,10.84,11.27,,18933.0,40.62,52.04,,1
TE29.1,TE,37.0,37.0,29.1,253.0,253.0,253.0,0.0,-3.1,10.99,11.27,,19186.0,-110.55,-101.93,,1
TE30,TE,38.0,38.0,30.0,468.0,468.0,468.0,0.0,-4.56,11.03,11.54,,19654.0,106.59,106.72,新店溪匯入,1
TE31,TE,39.0,39.0,31.0,217.0,217.0,217.0,0.0,-5.21,11.03,11.47,,19871.0,76.71,81.72,,1
TE32,TE,40.0,40.0,32.0,793.0,793.0,793.0,0.0,-2.32,10.98,11.12,P05,20664.0,-24.24,-20.17,入口堰,1
TE33,TE,41.0,41.0,33.0,469.0,469.0,469.0,0.0,-3.43,11.32,11.15,,21133.0,23.66,23.77,,1
TE34,TE,42.0,42.0,34.0,577.0,577.0,577.0,0.0,-3.01,11.62,11.49,,21710.0,-59.45,-57.32,,1
TE35,TE,43.0,43.0,35.0,685.0,685.0,685.0,0.0,-3.84,11.56,11.43,,22395.0,-1.4,6.59,,1
TE35.A,TE,44.0,44.0,35.1,90.0,90.0,90.0,0.0,-3.94,11.49,11.5,,22485.0,-7.37,-1.3,,1
TE36,TE,45.0,45.0,36.0,415.0,415.0,415.0,0.0,-4.81,11.56,11.56,,22900.0,-17.39,-8.12,,1
TE36.A,TE,46.0,46.0,36.1,397.0,397.0,397.0,0.0,-5.99,11.7,11.64,P06,23297.0,-4.59,-4.45,新海橋,1
TE37,TE,47.0,47.0,37.0,469.0,469.0,469.0,0.0,-2.35,12.18,11.83,,23766.0,27.83,27.84,,1
TE38,TE,48.0,48.0,38.0,793.0,793.0,793.0,0.0,-4.53,12.08,12.37,,24559.0,55.72,56.0,,1
TE39,TE,49.0,49.0,39.0,811.0,811.0,811.0,0.0,-3.47,12.23,12.61,,25370.0,232.25,237.1,浮州橋,1
TE40,TE,50.0,50.0,40.0,596.0,596.0,596.0,0.0,-6.18,12.8,13.0,,25966.0,103.02,103.14,,1
TE41,TE,51.0,51.0,41.0,757.0,757.0,757.0,0.0,-2.26,12.96,13.22,,26723.0,40.41,40.51,,1
TE41.A,TE,52.0,52.0,41.1,36.0,36.0,36.0,0.0,-3.54,13.15,13.41,,26759.0,43.01,43.05,,1
TE42,TE,53.0,53.0,42.0,505.0,505.0,505.0,0.0,-4.35,14.67,14.21,,27264.0,177.35,177.5,,1
TE43,TE,54.0,54.0,43.0,360.0,360.0,360.0,0.0,-5.65,14.14,14.36,,27624.0,46.34,46.46,,1
TE43.A,TE,55.0,55.0,43.1,181.0,181.0,181.0,0.0,-5.27,14.27,14.66,,27805.0,90.55,102.44,,1
TE44,TE,56.0,56.0,44.0,180.0,180.0,180.0,0.0,-5.71,14.76,15.38,,27985.0,28.92,29.1,,1
TE45,TE,57.0,57.0,45.0,685.0,685.0,685.0,0.0,-5.9,15.58,15.99,,28670.0,24.29,29.34,,1
TE46,TE,58.0,58.0,46.0,577.0,577.0,577.0,0.0,-2.77,15.96,16.05,,29247.0,292.41,292.52,,1
TE47,TE,59.0,59.0,47.0,541.0,541.0,541.0,0.0,-7.79,16.6,16.77,P90,29788.0,349.71,360.05,城林橋_水,1
TE47.A,TE,60.0,60.0,47.1,36.0,36.0,36.0,0.0,-7.76,16.72,16.71,,29824.0,119.58,129.75,,1
TE48,TE,61.0,61.0,48.0,541.0,541.0,541.0,0.0,-1.04,17.59,17.83,,30365.0,275.29,275.42,,1
TE49,TE,62.0,62.0,49.0,505.0,505.0,505.0,0.0,0.65,17.92,18.26,,30870.0,25.78,32.99,,1
TE50,TE,63.0,63.0,50.0,577.0,577.0,577.0,0.0,1.84,18.17,19.5,,31447.0,416.61,426.97,,1
TE51,TE,64.0,64.0,51.0,721.0,721.0,721.0,0.0,3.42,19.87,21.92,,32168.0,494.48,500.3,三峽河匯入,1
TE52,TE,65.0,65.0,52.0,1227.0,1227.0,1227.0,0.0,8.27,24.22,25.16,,33395.0,422.28,427.12,,1
TE53,TE,66.0,66.0,53.0,360.0,360.0,360.0,0.0,9.42,23.73,24.48,,33755.0,519.51,519.51,,1
TE53.A,TE,67.0,67.0,53.1,361.0,361.0,361.0,0.0,9.61,26.75,26.62,,34116.0,-37.54,-28.51,,1
TE54,TE,68.0,68.0,54.0,324.0,324.0,324.0,0.0,10.98,29.83,27.13,P45,34440.0,177.18,182.29,柑園橋,1
TE55,TE,69.0,69.0,55.0,577.0,577.0,577.0,0.0,11.33,41.0,30.54,,35017.0,13.3,16.38,,1
TE56,TE,70.0,70.0,56.0,541.0,541.0,541.0,0.0,8.96,38.27,31.06,,35558.0,-12.85,-9.23,,1
TE57,TE,71.0,71.0,57.0,577.0,577.0,577.0,0.0,13.86,41.87,33.66,,36135.0,8.99,15.06,,1
TE58,TE,72.0,72.0,58.0,577.0,577.0,577.0,0.0,15.95,46.57,36.23,,36712.0,-41.91,-41.16,,1
TE59,TE,73.0,73.0,59.0,253.0,253.0,253.0,0.0,15.6,47.74,35.62,,36965.0,-10.99,1.51,,1
TE60,TE,74.0,74.0,60.0,252.0,252.0,252.0,0.0,19.7,48.91,37.0,,37217.0,-21.8,-14.57,,1
TE61,TE,75.0,75.0,61.0,577.0,577.0,577.0,0.0,20.45,50.87,39.32,,37794.0,-9.92,-5.39,,1
TE62,TE,76.0,76.0,62.0,541.0,541.0,541.0,0.0,22.85,41.51,44.05,,38335.0,60.31,69.32,,1
TE62.A,TE,77.0,77.0,62.1,685.0,685.0,685.0,0.0,27.94,48.21,47.7,P14,39020.0,-8.85,-1.12,三鶯橋,1
TE63,TE,78.0,78.0,63.0,145.0,145.0,145.0,0.0,27.39,48.71,48.88,,39165.0,363.84,370.66,,1
TE64,TE,79.0,79.0,64.0,721.0,721.0,721.0,0.0,28.36,49.73,51.04,,39886.0,194.45,204.76,,1
TE64.A,TE,80.0,80.0,64.1,324.0,324.0,324.0,0.0,31.24,47.47,47.47,,40210.0,200.33,207.05,,1
TE65,TE,81.0,81.0,65.0,433.0,433.0,433.0,0.0,36.13,52.67,50.72,,40643.0,130.97,136.96,,1
TE66,TE,82.0,82.0,66.0,758.0,758.0,758.0,0.0,43.14,59.4,57.49,,41401.0,-76.04,-62.6,,1
TE67,TE,83.0,83.0,67.0,468.0,468.0,468.0,0.0,42.17,61.44,59.66,,41869.0,-14.9,-9.18,,1
TE68,TE,84.0,84.0,68.0,361.0,361.0,361.0,0.0,45.7,71.15,58.65,,42230.0,-20.75,-19.04,,1
TE69,TE,85.0,85.0,69.0,721.0,721.0,721.0,0.0,47.46,59.47,60.84,,42951.0,-2.12,1.16,,1
TE70,TE,86.0,86.0,70.0,541.0,541.0,541.0,0.0,47.58,61.61,77.33,,43492.0,481.23,490.77,,1
TE71,TE,87.0,87.0,71.0,505.0,505.0,505.0,0.0,47.84,62.71,77.33,,43997.0,832.95,840.5,,1
TE72,TE,88.0,88.0,72.0,541.0,541.0,541.0,0.0,50.37,65.02,77.33,,44538.0,1033.05,1033.82,,1
TE73,TE,89.0,89.0,73.0,721.0,721.0,721.0,0.0,50.63,71.43,69.32,,45259.0,1155.18,1155.27,,1
TE74,TE,90.0,90.0,74.0,577.0,577.0,577.0,0.0,53.67,73.3,76.42,,45836.0,902.99,905.95,,1
TE75,TE,91.0,91.0,75.0,686.0,686.0,686.0,0.0,58.58,76.24,79.34,,46522.0,519.43,525.93,,1
TE76,TE,92.0,92.0,76.0,613.0,613.0,613.0,0.0,58.68,81.79,80.66,,47135.0,54.01,54.1,,1
TE77,TE,93.0,93.0,77.0,505.0,505.0,505.0,0.0,61.98,79.72,84.06,,47640.0,-24.13,-23.02,,1
TE78,TE,94.0,94.0,78.0,721.0,721.0,721.0,0.0,63.19,85.21,86.17,,48361.0,105.62,106.35,,1
TE78.A,TE,95.0,95.0,78.1,180.0,180.0,180.0,0.0,74.9,87.24,91.86,P61,48541.0,-44.89,-44.68,武嶺橋,1
TE79,TE,96.0,96.0,79.0,505.0,505.0,505.0,0.0,71.88,88.68,95.23,,49046.0,-181.6,-176.57,,1
TE80,TE,97.0,97.0,80.0,613.0,613.0,613.0,0.0,76.78,93.83,92.23,,49659.0,245.21,245.52,,1
TE80.A,TE,98.0,98.0,80.1,505.0,505.0,505.0,0.0,80.42,94.83,94.41,,50164.0,33.27,37.77,,1
TE81,TE,99.0,99.0,81.0,180.0,180.0,180.0,0.0,82.01,95.19,95.19,,50344.0,142.74,147.14,,1
TE82,TE,100.0,100.0,82.0,722.0,722.0,722.0,0.0,85.46,99.52,99.02,,51066.0,6.21,8.66,,1
TE83,TE,101.0,101.0,83.0,811.0,811.0,811.0,0.0,88.54,103.69,106.41,,51877.0,641.41,649.11,,1
TE84,TE,102.0,102.0,84.0,451.0,451.0,451.0,0.0,89.75,106.04,104.45,,52328.0,632.89,633.66,,1
TE85,TE,103.0,103.0,85.0,649.0,649.0,649.0,0.0,93.78,116.26,115.36,,52977.0,424.39,425.86,,1
TE86,TE,104.0,104.0,86.0,577.0,577.0,577.0,0.0,95.58,113.51,118.53,,53554.0,796.55,802.82,,1
TE87,TE,105.0,105.0,87.0,613.0,613.0,613.0,0.0,103.17,125.33,116.11,,54167.0,524.94,527.84,,1
TE88,TE,106.0,106.0,88.0,505.0,505.0,505.0,0.0,107.58,129.32,119.81,,54672.0,-8.51,-6.11,,1
TE89,TE,107.0,107.0,89.0,433.0,433.0,433.0,0.0,108.79,123.4,126.1,,55105.0,237.67,239.8,,1
TE90,TE,108.0,108.0,90.0,541.0,541.0,541.0,0.0,111.95,126.32,126.23,,55646.0,436.6,436.86,,1
TE90.A,TE,109.0,109.0,90.1,829.0,829.0,829.0,0.0,121.35,130.0,130.0,,56475.0,-49.7,-49.65,,1
HU00,HU,1.0,1.0,1.0,0.0,0.0,0.0,0.0,-2.82,3.1,2.99,P01,0.0,-7.01,0.55,河口,1
HUP02,HU,2.0,2.0,2.0,70.0,70.0,70.0,0.0,-2.04,3.11,3.02,,70.0,-6.75,-1.12,,1
HUP03,HU,3.0,3.0,3.0,67.0,67.0,67.0,0.0,-2.12,3.61,3.44,,137.0,-10.8,-10.41,,1
HU01,HU,4.0,4.0,4.0,62.0,62.0,62.0,0.0,-1.45,3.89,4.12,,199.0,4.75,7.28,,1
HUP04,HU,5.0,5.0,5.0,59.0,59.0,59.0,0.0,-1.22,4.58,4.31,,258.0,-13.28,-10.99,,1
HUP05,HU,6.0,6.0,6.0,69.0,69.0,69.0,0.0,-1.45,4.72,4.58,,327.0,-13.5,-8.45,,1
HU01.01,HU,7.0,7.0,7.0,69.0,69.0,69.0,0.0,-1.79,3.41,4.98,,396.0,-90.98,-90.64,,1
HUP07,HU,8.0,8.0,8.0,74.0,74.0,74.0,0.0,-1.3,4.63,6.18,,470.0,-64.97,-25.62,,1
HU02,HU,9.0,9.0,9.0,63.0,63.0,63.0,0.0,-1.14,6.27,4.4,,533.0,-20.02,-12.0,,1
HUP08,HU,10.0,10.0,10.0,76.0,76.0,76.0,0.0,-1.34,4.63,4.37,P67,609.0,0.09,4.76,磺溪橋河口,1
HU02.1,HU,11.0,11.0,11.0,65.0,65.0,65.0,0.0,-0.81,4.79,4.26,,674.0,-9.1,-9.08,,1
HUP09,HU,12.0,12.0,12.0,65.0,65.0,65.0,0.0,-1.74,4.65,4.79,,739.0,2.4,2.57,,1
HU02.11,HU,13.0,13.0,13.0,95.0,95.0,95.0,0.0,-1.15,4.02,5.2,,834.0,-70.77,-68.98,,1
HU03,HU,14.0,14.0,14.0,67.0,67.0,67.0,0.0,-0.88,3.53,6.02,,901.0,-5.56,-1.53,,1
HUP09.1,HU,15.0,15.0,15.0,33.0,33.0,33.0,0.0,-1.84,3.63,8.81,,934.0,1.37,8.01,,1
HU03.01,HU,16.0,16.0,16.0,101.0,101.0,101.0,0.0,-0.75,8.84,7.71,,1035.0,-47.04,-46.85,,1
HUP10,HU,17.0,17.0,17.0,24.0,24.0,24.0,0.0,-0.41,4.82,4.37,,1059.0,-26.03,-26.02,,1
HUP10.1,HU,18.0,18.0,18.0,64.0,64.0,64.0,0.0,-0.6,4.72,4.58,,1123.0,-1.75,-1.73,,1
HU03.1,HU,19.0,19.0,19.0,75.0,75.0,75.0,0.0,-0.15,5.24,7.55,,1198.0,-3.23,-2.7,,1
HUP11,HU,20.0,20.0,20.0,73.0,73.0,73.0,0.0,-0.36,5.05,5.09,,1271.0,-5.53,-5.5,,1
HU03.11,HU,21.0,21.0,21.0,31.0,31.0,31.0,0.0,0.3,5.51,7.59,,1302.0,-6.96,-6.94,,1
HUP12,HU,22.0,22.0,22.0,82.0,82.0,82.0,0.0,-0.1,9.12,5.06,,1384.0,-4.13,-3.85,,1
HU03.12,HU,23.0,23.0,23.0,81.0,81.0,81.0,0.0,0.43,10.37,10.08,,1465.0,-0.64,-0.47,,1
HU04.01,HU,24.0,24.0,24.0,57.0,57.0,57.0,0.0,0.25,8.68,8.37,,1522.0,0.0,0.0,,1
HU04.11,HU,25.0,25.0,25.0,157.0,157.0,157.0,0.0,1.87,12.47,12.72,P66,1679.0,0.0,0.0,新磺溪橋,1
HU05,HU,26.0,26.0,26.0,101.0,101.0,101.0,0.0,1.87,8.93,5.47,,1780.0,-8.9,-8.04,,1
HU05.1,HU,27.0,27.0,27.0,169.0,169.0,169.0,0.0,3.26,8.63,7.81,,1949.0,-6.59,-0.86,,1
HU06,HU,28.0,28.0,28.0,140.0,140.0,140.0,0.0,3.43,8.74,9.3,,2089.0,-4.74,-4.69,,1
HU06.01,HU,29.0,29.0,29.0,124.0,124.0,124.0,0.0,3.58,9.64,10.45,,2213.0,-4.69,-4.59,,1
HU06.1,HU,30.0,30.0,30.0,140.0,140.0,140.0,0.0,4.9,10.41,11.23,,2353.0,-4.87,-4.83,,1
HU06.11,HU,31.0,31.0,31.0,88.0,88.0,88.0,0.0,4.81,11.46,11.93,,2441.0,-1.96,-1.93,,1
HU07,HU,32.0,32.0,32.0,73.0,73.0,73.0,0.0,5.58,13.61,12.33,,2514.0,-8.42,-8.28,,1
HU07.01,HU,33.0,33.0,33.0,171.0,171.0,171.0,0.0,7.35,15.14,14.1,,2685.0,-27.26,-27.24,,1
HU07.1,HU,34.0,34.0,34.0,111.0,111.0,111.0,0.0,11.02,16.38,17.4,,2796.0,-5.82,-5.8,,1
HU07.11,HU,35.0,35.0,35.0,139.0,139.0,139.0,0.0,12.8,17.49,18.16,,2935.0,-61.88,-61.21,,1
HU08,HU,36.0,36.0,36.0,102.0,102.0,102.0,0.0,13.06,20.21,21.01,,3037.0,-2.98,-1.4,,1
HU08.01,HU,37.0,37.0,37.0,143.0,143.0,143.0,0.0,13.67,21.64,23.02,,3180.0,-18.71,-16.59,,1
HU08.1,HU,38.0,38.0,38.0,61.0,61.0,61.0,0.0,14.11,22.27,23.51,,3241.0,-13.74,-11.92,,1
HU08.11,HU,39.0,39.0,39.0,89.0,89.0,89.0,0.0,14.51,23.25,24.69,,3330.0,-19.1,-17.45,,1
HU09,HU,40.0,40.0,40.0,88.0,88.0,88.0,0.0,16.03,24.25,24.08,,3418.0,-23.14,-21.47,,1
HU09.01,HU,41.0,41.0,41.0,151.0,151.0,151.0,0.0,17.25,25.99,28.12,,3569.0,-35.36,-32.28,,1
HU09.1,HU,42.0,42.0,42.0,125.0,125.0,125.0,0.0,17.77,28.72,27.21,,3694.0,-12.37,-10.4,,1
HU09.11,HU,43.0,43.0,43.0,41.0,41.0,41.0,0.0,18.31,29.12,27.89,,3735.0,-18.73,-16.97,,1
HU10,HU,44.0,44.0,44.0,148.0,148.0,148.0,0.0,19.03,31.76,31.97,,3883.0,-98.3,-97.66,,1
HU10.01,HU,45.0,45.0,45.0,209.0,209.0,209.0,0.0,23.74,34.55,33.08,,4092.0,-60.44,-60.39,,1
HU10.1,HU,46.0,46.0,46.0,136.0,136.0,136.0,0.0,25.35,35.59,42.27,,4228.0,1.72,12.92,,1
HU11,HU,47.0,47.0,47.0,91.0,91.0,91.0,0.0,26.26,37.28,45.98,,4319.0,0.18,5.29,,1
HU11.01,HU,48.0,48.0,48.0,133.0,133.0,133.0,0.0,28.27,41.28,44.38,,4452.0,-13.07,-5.83,,1
HU11.1,HU,49.0,49.0,49.0,137.0,137.0,137.0,0.0,30.7,44.12,44.95,,4589.0,-4.2,-4.02,,1
HU11.11,HU,50.0,50.0,50.0,168.0,168.0,168.0,0.0,38.92,47.99,45.12,,4757.0,-6.48,-6.17,,1
HU12,HU,51.0,51.0,51.0,89.0,89.0,89.0,0.0,45.38,52.23,55.12,P65,4846.0,-6.66,-0.99,三和橋,1
HU12.01,HU,52.0,52.0,52.0,131.0,131.0,131.0,0.0,46.57,53.0,49.41,,4977.0,-7.59,-7.54,,1
HU12.1,HU,53.0,53.0,53.0,206.0,206.0,206.0,0.0,48.93,58.22,55.57,,5183.0,-21.23,-21.17,,1
HU13,HU,54.0,54.0,54.0,144.0,144.0,144.0,0.0,52.25,61.72,65.3,,5327.0,-0.48,0.0,,1
HU13.01,HU,55.0,55.0,55.0,113.0,113.0,113.0,0.0,55.13,63.94,65.92,,5440.0,-1.88,0.0,,1
HU13.1,HU,56.0,56.0,56.0,131.0,131.0,131.0,0.0,57.93,66.0,66.33,,5571.0,0.0,0.0,,1
HU13.11,HU,57.0,57.0,57.0,80.0,80.0,80.0,0.0,59.71,68.83,65.6,,5651.0,-4.51,0.0,,1
HU14,HU,58.0,58.0,58.0,133.0,133.0,133.0,0.0,63.07,71.39,70.51,,5784.0,-45.32,-45.32,,1
HU14.01,HU,59.0,59.0,59.0,116.0,116.0,116.0,0.0,67.22,76.29,76.67,,5900.0,-1.04,0.0,,1
HU14.11,HU,60.0,60.0,60.0,287.0,287.0,287.0,0.0,75.02,80.98,80.39,,6187.0,-17.57,-16.76,,1
HU15,HU,61.0,61.0,61.0,77.0,77.0,77.0,0.0,77.75,81.91,95.38,,6264.0,-0.91,0.0,,1
HU15.01,HU,62.0,62.0,62.0,192.0,192.0,192.0,0.0,82.62,90.83,90.82,,6456.0,-2.74,-2.74,,1
HU15.1,HU,63.0,63.0,63.0,117.0,117.0,117.0,0.0,86.69,95.78,97.2,,6573.0,0.0,0.5,,1
HU15.11,HU,64.0,64.0,64.0,85.0,85.0,85.0,0.0,91.15,99.61,97.82,,6658.0,0.0,0.0,,1
HU16,HU,65.0,65.0,65.0,68.0,68.0,68.0,0.0,93.94,99.77,101.4,,6726.0,0.0,0.0,,1
HU16.1,HU,66.0,66.0,66.0,148.0,148.0,148.0,0.0,97.73,107.33,107.69,,6874.0,-1.78,0.0,,1
HU16.11,HU,67.0,67.0,67.0,105.0,105.0,105.0,0.0,98.61,115.63,108.2,,6979.0,0.0,0.0,,1
HU17,HU,68.0,68.0,68.0,139.0,139.0,139.0,0.0,105.17,117.09,121.74,,7118.0,-91.24,-89.09,,1
HU17.1,HU,69.0,69.0,69.0,155.0,155.0,155.0,0.0,111.65,119.52,120.51,,7273.0,-78.28,-76.07,,1
HU17.11,HU,70.0,70.0,70.0,89.0,89.0,89.0,0.0,114.74,124.14,120.05,,7362.0,-40.14,-39.23,,1
HU18,HU,71.0,71.0,71.0,85.0,85.0,85.0,0.0,117.39,121.72,123.27,,7447.0,-55.76,-51.6,,1
HU18.1,HU,72.0,72.0,72.0,101.0,101.0,101.0,0.0,121.85,127.57,127.69,,7548.0,-2.09,0.0,,1
HU18.11,HU,73.0,73.0,73.0,91.0,91.0,91.0,0.0,126.33,143.24,130.52,,7639.0,-2.31,0.0,,1
HU18.12,HU,74.0,74.0,74.0,113.0,113.0,113.0,0.0,130.25,161.98,136.27,,7752.0,-11.96,-10.34,,1
HU19,HU,75.0,75.0,75.0,77.0,77.0,77.0,0.0,132.45,146.76,149.89,,7829.0,-39.06,-38.32,,1
HU19.01,HU,76.0,76.0,76.0,89.0,89.0,89.0,0.0,137.24,144.62,149.83,,7918.0,-32.27,-28.19,,1
HU19.1,HU,77.0,77.0,77.0,103.0,103.0,103.0,0.0,141.06,144.77,149.12,,8021.0,-9.18,-6.38,,1
HU19.11,HU,78.0,78.0,78.0,63.0,63.0,63.0,0.0,142.03,171.04,150.08,,8084.0,-21.59,-19.57,,1
HU20,HU,79.0,79.0,79.0,165.0,165.0,165.0,0.0,149.89,165.11,163.08,,8249.0,-5.74,-3.72,,1
HU20.01,HU,80.0,80.0,80.0,101.0,101.0,101.0,0.0,154.63,167.92,175.97,,8350.0,-21.36,-12.0,,1
HU20.1,HU,81.0,81.0,81.0,127.0,127.0,127.0,0.0,160.54,169.54,169.06,,8477.0,-27.54,-24.83,,1
HU20.11,HU,82.0,82.0,82.0,106.0,106.0,106.0,0.0,165.77,171.47,203.76,,8583.0,-69.4,-68.98,,1
HU21,HU,83.0,83.0,83.0,90.0,90.0,90.0,0.0,172.45,178.86,184.8,,8673.0,-11.18,-5.8,,1
HU21.01,HU,84.0,84.0,84.0,107.0,107.0,107.0,0.0,182.15,199.34,184.74,,8780.0,-6.95,-6.23,,1
HU21.1,HU,85.0,85.0,85.0,152.0,152.0,152.0,0.0,189.78,196.71,207.03,,8932.0,-12.34,-10.83,,1
HU22,HU,86.0,86.0,86.0,250.0,250.0,250.0,0.0,206.1,230.21,220.83,,9182.0,-10.84,-5.97,,1
HU23,HU,87.0,87.0,87.0,388.0,388.0,388.0,0.0,239.08,244.68,243.63,,9570.0,-15.06,-11.69,,1
HU24.1,HU,88.0,88.0,88.0,676.0,676.0,676.0,0.0,302.05,310.44,311.69,,10246.0,-20.99,-14.59,,1
HU25,HU,89.0,89.0,89.0,296.0,296.0,296.0,0.0,328.7,340.69,333.83,,10542.0,-9.96,-5.46,,1
HU25.1,HU,90.0,90.0,90.0,201.0,201.0,201.0,0.0,346.54,351.93,364.04,,10743.0,-3.05,-1.09,,1
HU26,HU,91.0,91.0,91.0,117.0,117.0,117.0,0.0,356.38,368.76,369.16,,10860.0,0.0,0.0,,1
HU26.1,HU,92.0,92.0,92.0,96.0,96.0,96.0,0.0,367.62,377.45,377.93,,10956.0,-34.71,-33.33,,1
HUH00,HUH,1.0,93.0,0.0,0.0,0.0,0.0,0.0,-4.54,2.34,1.7,,0.0,-4.47,-4.47,,1
HUH01,HUH,2.0,94.0,1.0,153.0,153.0,153.0,0.0,-0.71,1.43,2.28,,153.0,-4.11,4.37,,1
HUH01.1,HUH,3.0,95.0,1.1,57.0,57.0,57.0,0.0,-0.77,5.26,4.25,,210.0,-3.53,5.0,,1
HUH02,HUH,4.0,96.0,2.0,218.0,218.0,218.0,0.0,-0.35,3.25,6.49,,275.0,5.12,15.74,,1
HUH02.1,HUH,5.0,97.0,2.1,80.0,80.0,80.0,0.0,-0.55,4.28,7.59,,298.0,-113.28,-113.28,,1
HUH02.2,HUH,6.0,98.0,2.2,255.0,255.0,255.0,0.0,-0.36,5.17,3.5,,335.0,0.62,14.5,,1
HUH02.3,HUH,7.0,99.0,2.3,145.0,145.0,145.0,0.0,-0.11,6.72,4.06,,400.0,-1.6,2.37,,1
HUH02.4,HUH,8.0,100.0,2.44,298.0,298.0,298.0,0.0,0.17,8.92,3.96,,443.0,-3.88,0.58,,1
HUH03,HUH,9.0,101.0,3.0,189.0,189.0,189.0,0.0,0.29,6.8,4.09,,487.0,-2.36,2.62,,1
HUH03.1,HUH,10.0,102.0,3.1,362.0,362.0,362.0,0.0,0.39,4.69,6.71,,551.0,-1.47,0.41,,1
HUH03.2,HUH,11.0,103.0,3.2,245.0,245.0,245.0,0.0,0.37,4.82,6.12,,607.0,0.95,2.55,,1
HUH03.3,HUH,12.0,104.0,3.3,433.0,433.0,433.0,0.0,0.49,4.82,5.62,,678.0,-0.94,2.92,,1
HUH03.4,HUH,13.0,105.0,3.4,300.0,300.0,300.0,0.0,0.56,4.73,5.06,,733.0,-0.22,9.8,,1
HUH04,HUH,14.0,106.0,4.0,473.0,473.0,473.0,0.0,0.44,4.97,5.26,,773.0,0.0,0.0,,1
HUH04.1,HUH,15.0,107.0,4.1,351.0,351.0,351.0,0.0,0.13,4.93,6.27,,824.0,-7.88,-4.91,,1
